year,month,month_name,south,west,midwest,northeast,time,time_c,date_month
1968.0,1.0,January,35.6,17.0,22.6,12.9,23616.0,-279.0,1968-01-01 00:00:00
1968.0,2.0,February,31.5,18.6,23.3,9.7,23617.0,-278.0,1968-02-01 00:00:00
1968.0,3.0,March,42.5,17.4,24.4,10.7,23618.0,-277.0,1968-03-01 00:00:00
1968.0,4.0,April,42.9,20.6,27.0,12.0,23619.0,-276.0,1968-04-01 00:00:00
1968.0,5.0,May,46.2,20.0,25.1,20.0,23620.0,-275.0,1968-05-01 00:00:00
1968.0,6.0,June,37.7,23.2,26.9,16.8,23621.0,-274.0,1968-06-01 00:00:00
1968.0,7.0,July,50.3,21.2,25.7,20.1,23622.0,-273.0,1968-07-01 00:00:00
1968.0,8.0,August,46.6,23.1,33.4,15.3,23623.0,-272.0,1968-08-01 00:00:00
1968.0,9.0,September,48.7,22.0,37.9,27.0,23624.0,-271.0,1968-09-01 00:00:00
1968.0,10.0,October,50.2,23.0,34.2,20.5,23625.0,-270.0,1968-10-01 00:00:00
1968.0,11.0,November,45.7,18.4,35.8,14.4,23626.0,-269.0,1968-11-01 00:00:00
1968.0,12.0,December,49.8,21.6,31.2,19.5,23627.0,-268.0,1968-12-01 00:00:00
1969.0,1.0,January,40.1,19.7,18.0,11.0,23628.0,-267.0,1969-01-01 00:00:00
1969.0,2.0,February,34.8,23.0,23.3,14.9,23629.0,-266.0,1969-02-01 00:00:00
1969.0,3.0,March,53.3,21.1,23.5,17.0,23630.0,-265.0,1969-03-01 00:00:00
1969.0,4.0,April,38.1,20.9,24.9,14.8,23631.0,-264.0,1969-04-01 00:00:00
1969.0,5.0,May,50.9,22.8,26.4,17.9,23632.0,-263.0,1969-05-01 00:00:00
1969.0,6.0,June,53.7,23.5,31.6,22.9,23633.0,-262.0,1969-06-01 00:00:00
1969.0,7.0,July,46.5,25.4,27.3,19.5,23634.0,-261.0,1969-07-01 00:00:00
1969.0,8.0,August,45.8,22.3,36.7,21.5,23635.0,-260.0,1969-08-01 00:00:00
1969.0,9.0,September,48.4,24.5,39.8,21.0,23636.0,-259.0,1969-09-01 00:00:00
1969.0,10.0,October,49.4,28.4,35.2,23.5,23637.0,-258.0,1969-10-01 00:00:00
1969.0,11.0,November,38.9,26.4,29.6,18.1,23638.0,-257.0,1969-11-01 00:00:00
1969.0,12.0,December,53.2,23.4,28.4,17.7,23639.0,-256.0,1969-12-01 00:00:00
1970.0,1.0,January,43.7,25.2,23.1,13.2,23640.0,-255.0,1970-01-01 00:00:00
1970.0,2.0,February,39.6,24.5,19.6,13.2,23641.0,-254.0,1970-02-01 00:00:00
1970.0,3.0,March,40.0,25.0,17.5,13.3,23642.0,-253.0,1970-03-01 00:00:00
1970.0,4.0,April,43.9,24.4,24.3,10.8,23643.0,-252.0,1970-04-01 00:00:00
1970.0,5.0,May,40.5,22.9,28.3,15.9,23644.0,-251.0,1970-05-01 00:00:00
1970.0,6.0,June,60.1,25.8,29.9,15.0,23645.0,-250.0,1970-06-01 00:00:00
1970.0,7.0,July,45.5,28.5,25.8,17.6,23646.0,-249.0,1970-07-01 00:00:00
1970.0,8.0,August,65.9,28.8,34.5,18.4,23647.0,-248.0,1970-08-01 00:00:00
1970.0,9.0,September,49.7,31.2,29.7,18.3,23648.0,-247.0,1970-09-01 00:00:00
1970.0,10.0,October,62.6,25.7,34.6,18.1,23649.0,-246.0,1970-10-01 00:00:00
1970.0,11.0,November,52.4,25.7,28.1,14.3,23650.0,-245.0,1970-11-01 00:00:00
1970.0,12.0,December,50.9,27.8,27.9,16.9,23651.0,-244.0,1970-12-01 00:00:00
1971.0,1.0,January,46.8,22.3,24.0,14.2,23652.0,-243.0,1971-01-01 00:00:00
1971.0,2.0,February,45.1,24.1,14.3,14.9,23653.0,-242.0,1971-02-01 00:00:00
1971.0,3.0,March,50.0,28.8,17.7,11.7,23654.0,-241.0,1971-03-01 00:00:00
1971.0,4.0,April,60.6,32.3,25.1,15.2,23655.0,-240.0,1971-04-01 00:00:00
1971.0,5.0,May,60.4,30.3,27.1,15.9,23656.0,-239.0,1971-05-01 00:00:00
1971.0,6.0,June,63.4,30.8,28.7,21.4,23657.0,-238.0,1971-06-01 00:00:00
1971.0,7.0,July,62.3,36.7,28.5,18.0,23658.0,-237.0,1971-07-01 00:00:00
1971.0,8.0,August,69.3,43.1,37.9,21.2,23659.0,-236.0,1971-08-01 00:00:00
1971.0,9.0,September,65.5,38.2,40.2,26.0,23660.0,-235.0,1971-09-01 00:00:00
1971.0,10.0,October,66.4,43.5,37.7,27.1,23661.0,-234.0,1971-10-01 00:00:00
1971.0,11.0,November,63.7,34.2,34.2,21.0,23662.0,-233.0,1971-11-01 00:00:00
1971.0,12.0,December,73.6,40.9,32.8,19.1,23663.0,-232.0,1971-12-01 00:00:00
1972.0,1.0,January,67.6,32.8,26.6,18.2,23664.0,-231.0,1972-01-01 00:00:00
1972.0,2.0,February,61.2,35.8,27.5,19.0,23665.0,-230.0,1972-02-01 00:00:00
1972.0,3.0,March,61.4,34.1,28.4,21.0,23666.0,-229.0,1972-03-01 00:00:00
1972.0,4.0,April,64.9,34.6,30.3,18.6,23667.0,-228.0,1972-04-01 00:00:00
1972.0,5.0,May,61.8,39.4,32.7,19.5,23668.0,-227.0,1972-05-01 00:00:00
1972.0,6.0,June,73.5,41.1,35.2,24.1,23669.0,-226.0,1972-06-01 00:00:00
1972.0,7.0,July,71.5,34.9,34.4,22.1,23670.0,-225.0,1972-07-01 00:00:00
1972.0,8.0,August,81.4,42.9,38.0,27.4,23671.0,-224.0,1972-08-01 00:00:00
1972.0,9.0,September,73.4,46.0,40.7,32.9,23672.0,-223.0,1972-09-01 00:00:00
1972.0,10.0,October,82.2,43.6,42.2,25.6,23673.0,-222.0,1972-10-01 00:00:00
1972.0,11.0,November,64.0,36.6,36.6,27.1,23674.0,-221.0,1972-11-01 00:00:00
1972.0,12.0,December,85.7,40.6,39.1,25.7,23675.0,-220.0,1972-12-01 00:00:00
1973.0,1.0,January,72.2,33.7,32.4,23.2,23676.0,-219.0,1973-01-01 00:00:00
1973.0,2.0,February,66.2,34.6,22.5,20.2,23677.0,-218.0,1973-02-01 00:00:00
1973.0,3.0,March,71.2,42.9,33.2,15.7,23678.0,-217.0,1973-03-01 00:00:00
1973.0,4.0,April,79.0,36.2,30.1,21.8,23679.0,-216.0,1973-04-01 00:00:00
1973.0,5.0,May,82.8,39.5,31.9,28.0,23680.0,-215.0,1973-05-01 00:00:00
1973.0,6.0,June,87.1,40.1,43.3,31.7,23681.0,-214.0,1973-06-01 00:00:00
1973.0,7.0,July,74.9,39.5,34.3,23.9,23682.0,-213.0,1973-07-01 00:00:00
1973.0,8.0,August,85.3,35.9,38.6,26.0,23683.0,-212.0,1973-08-01 00:00:00
1973.0,9.0,September,75.1,44.8,45.7,22.4,23684.0,-211.0,1973-09-01 00:00:00
1973.0,10.0,October,75.3,40.0,55.7,27.8,23685.0,-210.0,1973-10-01 00:00:00
1973.0,11.0,November,67.3,33.6,38.2,25.5,23686.0,-209.0,1973-11-01 00:00:00
1973.0,12.0,December,69.8,37.7,35.8,27.8,23687.0,-208.0,1973-12-01 00:00:00
1974.0,1.0,January,65.8,28.7,27.5,21.1,23688.0,-207.0,1974-01-01 00:00:00
1974.0,2.0,February,59.9,28.7,26.3,16.2,23689.0,-206.0,1974-02-01 00:00:00
1974.0,3.0,March,64.1,26.7,25.3,20.8,23690.0,-205.0,1974-03-01 00:00:00
1974.0,4.0,April,61.8,26.5,34.7,14.7,23691.0,-204.0,1974-04-01 00:00:00
1974.0,5.0,May,60.3,31.7,24.9,20.4,23692.0,-203.0,1974-05-01 00:00:00
1974.0,6.0,June,69.4,31.3,42.2,23.6,23693.0,-202.0,1974-06-01 00:00:00
1974.0,7.0,July,66.0,28.1,29.1,19.0,23694.0,-201.0,1974-07-01 00:00:00
1974.0,8.0,August,60.0,32.9,32.6,21.5,23695.0,-200.0,1974-08-01 00:00:00
1974.0,9.0,September,68.7,32.5,31.3,18.6,23696.0,-199.0,1974-09-01 00:00:00
1974.0,10.0,October,65.0,30.0,41.1,19.8,23697.0,-198.0,1974-10-01 00:00:00
1974.0,11.0,November,56.0,31.5,31.6,19.5,23698.0,-197.0,1974-11-01 00:00:00
1974.0,12.0,December,59.0,34.7,30.6,16.6,23699.0,-196.0,1974-12-01 00:00:00
1975.0,1.0,January,50.3,21.7,31.4,13.9,23700.0,-195.0,1975-01-01 00:00:00
1975.0,2.0,February,39.7,21.1,20.5,10.5,23701.0,-194.0,1975-02-01 00:00:00
1975.0,3.0,March,44.1,20.0,17.3,17.8,23702.0,-193.0,1975-03-01 00:00:00
1975.0,4.0,April,38.8,19.8,21.0,12.7,23703.0,-192.0,1975-04-01 00:00:00
1975.0,5.0,May,42.1,21.5,26.2,17.5,23704.0,-191.0,1975-05-01 00:00:00
1975.0,6.0,June,49.0,21.7,24.2,15.0,23705.0,-190.0,1975-06-01 00:00:00
1975.0,7.0,July,47.4,22.0,23.9,14.1,23706.0,-189.0,1975-07-01 00:00:00
1975.0,8.0,August,47.0,28.6,27.8,12.5,23707.0,-188.0,1975-08-01 00:00:00
1975.0,9.0,September,39.1,26.8,37.4,19.6,23708.0,-187.0,1975-09-01 00:00:00
1975.0,10.0,October,40.5,26.8,26.2,17.1,23709.0,-186.0,1975-10-01 00:00:00
1975.0,11.0,November,45.3,29.5,28.3,18.5,23710.0,-185.0,1975-11-01 00:00:00
1975.0,12.0,December,48.0,27.3,29.0,16.7,23711.0,-184.0,1975-12-01 00:00:00
1976.0,1.0,January,36.5,22.4,23.8,8.9,23712.0,-183.0,1976-01-01 00:00:00
1976.0,2.0,February,36.6,22.0,22.2,8.5,23713.0,-182.0,1976-02-01 00:00:00
1976.0,3.0,March,38.6,23.4,24.8,13.9,23714.0,-181.0,1976-03-01 00:00:00
1976.0,4.0,April,38.0,25.6,20.8,11.5,23715.0,-180.0,1976-04-01 00:00:00
1976.0,5.0,May,40.5,29.0,28.9,15.1,23716.0,-179.0,1976-05-01 00:00:00
1976.0,6.0,June,45.4,30.9,26.7,17.7,23717.0,-178.0,1976-06-01 00:00:00
1976.0,7.0,July,43.3,28.6,32.3,11.4,23718.0,-177.0,1976-07-01 00:00:00
1976.0,8.0,August,43.2,27.1,39.3,16.4,23719.0,-176.0,1976-08-01 00:00:00
1976.0,9.0,September,46.3,26.8,36.7,18.5,23720.0,-175.0,1976-09-01 00:00:00
1976.0,10.0,October,48.0,33.6,31.6,19.1,23721.0,-174.0,1976-10-01 00:00:00
1976.0,11.0,November,48.4,32.9,32.3,16.3,23722.0,-173.0,1976-11-01 00:00:00
1976.0,12.0,December,48.5,36.0,36.1,13.0,23723.0,-172.0,1976-12-01 00:00:00
1977.0,1.0,January,37.7,31.0,25.5,9.2,23724.0,-171.0,1977-01-01 00:00:00
1977.0,2.0,February,45.5,32.2,22.4,9.7,23725.0,-170.0,1977-02-01 00:00:00
1977.0,3.0,March,50.5,33.8,24.8,13.1,23726.0,-169.0,1977-03-01 00:00:00
1977.0,4.0,April,43.8,33.6,22.6,12.1,23727.0,-168.0,1977-04-01 00:00:00
1977.0,5.0,May,46.5,33.5,29.3,12.1,23728.0,-167.0,1977-05-01 00:00:00
1977.0,6.0,June,55.0,41.0,34.6,14.3,23729.0,-166.0,1977-06-01 00:00:00
1977.0,7.0,July,54.6,38.1,35.3,14.5,23730.0,-165.0,1977-07-01 00:00:00
1977.0,8.0,August,58.6,39.2,41.8,15.7,23731.0,-164.0,1977-08-01 00:00:00
1977.0,9.0,September,61.3,41.2,51.1,18.6,23732.0,-163.0,1977-09-01 00:00:00
1977.0,10.0,October,59.6,40.1,40.6,22.1,23733.0,-162.0,1977-10-01 00:00:00
1977.0,11.0,November,62.0,40.0,35.9,21.2,23734.0,-161.0,1977-11-01 00:00:00
1977.0,12.0,December,61.2,40.6,36.1,14.1,23735.0,-160.0,1977-12-01 00:00:00
1978.0,1.0,January,48.0,37.4,25.7,14.6,23736.0,-159.0,1978-01-01 00:00:00
1978.0,2.0,February,48.3,32.3,22.3,12.9,23737.0,-158.0,1978-02-01 00:00:00
1978.0,3.0,March,55.3,37.0,28.3,12.3,23738.0,-157.0,1978-03-01 00:00:00
1978.0,4.0,April,59.0,37.8,28.1,11.0,23739.0,-156.0,1978-04-01 00:00:00
1978.0,5.0,May,64.4,41.2,30.9,9.7,23740.0,-155.0,1978-05-01 00:00:00
1978.0,6.0,June,64.0,50.5,35.3,17.6,23741.0,-154.0,1978-06-01 00:00:00
1978.0,7.0,July,65.4,43.5,39.5,18.0,23742.0,-153.0,1978-07-01 00:00:00
1978.0,8.0,August,70.4,51.8,41.8,13.7,23743.0,-152.0,1978-08-01 00:00:00
1978.0,9.0,September,74.5,46.4,42.9,17.0,23744.0,-151.0,1978-09-01 00:00:00
1978.0,10.0,October,75.0,46.4,39.5,19.2,23745.0,-150.0,1978-10-01 00:00:00
1978.0,11.0,November,61.5,46.0,42.4,17.6,23746.0,-149.0,1978-11-01 00:00:00
1978.0,12.0,December,66.3,46.9,39.7,18.3,23747.0,-148.0,1978-12-01 00:00:00
1979.0,1.0,January,55.5,34.4,28.9,11.3,23748.0,-147.0,1979-01-01 00:00:00
1979.0,2.0,February,55.2,34.5,25.0,11.4,23749.0,-146.0,1979-02-01 00:00:00
1979.0,3.0,March,62.6,40.3,32.5,13.8,23750.0,-145.0,1979-03-01 00:00:00
1979.0,4.0,April,61.3,42.5,25.9,12.1,23751.0,-144.0,1979-04-01 00:00:00
1979.0,5.0,May,61.7,42.2,34.1,16.9,23752.0,-143.0,1979-05-01 00:00:00
1979.0,6.0,June,64.9,45.2,36.9,18.6,23753.0,-142.0,1979-06-01 00:00:00
1979.0,7.0,July,62.0,38.7,32.7,16.5,23754.0,-141.0,1979-07-01 00:00:00
1979.0,8.0,August,67.5,40.6,35.3,15.6,23755.0,-140.0,1979-08-01 00:00:00
1979.0,9.0,September,70.1,48.1,41.3,20.6,23756.0,-139.0,1979-09-01 00:00:00
1979.0,10.0,October,68.7,44.3,43.1,17.8,23757.0,-138.0,1979-10-01 00:00:00
1979.0,11.0,November,61.9,45.1,41.5,17.5,23758.0,-137.0,1979-11-01 00:00:00
1979.0,12.0,December,70.4,50.0,37.4,16.3,23759.0,-136.0,1979-12-01 00:00:00
1980.0,1.0,January,54.7,35.4,23.2,11.6,23760.0,-135.0,1980-01-01 00:00:00
1980.0,2.0,February,61.1,31.8,24.1,9.4,23761.0,-134.0,1980-02-01 00:00:00
1980.0,3.0,March,59.8,35.7,21.9,12.6,23762.0,-133.0,1980-03-01 00:00:00
1980.0,4.0,April,61.6,31.9,28.0,13.5,23763.0,-132.0,1980-04-01 00:00:00
1980.0,5.0,May,56.7,33.9,19.3,9.9,23764.0,-131.0,1980-05-01 00:00:00
1980.0,6.0,June,61.5,30.5,29.4,10.4,23765.0,-130.0,1980-06-01 00:00:00
1980.0,7.0,July,58.5,31.5,19.6,15.5,23766.0,-129.0,1980-07-01 00:00:00
1980.0,8.0,August,57.5,34.0,25.1,11.3,23767.0,-128.0,1980-08-01 00:00:00
1980.0,9.0,September,53.2,28.8,20.0,14.5,23768.0,-127.0,1980-09-01 00:00:00
1980.0,10.0,October,53.2,31.0,23.9,12.2,23769.0,-126.0,1980-10-01 00:00:00
1980.0,11.0,November,53.1,30.4,18.0,12.9,23770.0,-125.0,1980-11-01 00:00:00
1980.0,12.0,December,65.1,31.2,21.1,12.1,23771.0,-124.0,1980-12-01 00:00:00
1981.0,1.0,January,44.2,22.1,14.1,7.5,23772.0,-123.0,1981-01-01 00:00:00
1981.0,2.0,February,45.2,25.3,15.1,8.1,23773.0,-122.0,1981-02-01 00:00:00
1981.0,3.0,March,51.7,24.7,17.0,12.3,23774.0,-121.0,1981-03-01 00:00:00
1981.0,4.0,April,52.1,28.2,21.9,9.1,23775.0,-120.0,1981-04-01 00:00:00
1981.0,5.0,May,48.9,23.5,15.3,9.9,23776.0,-119.0,1981-05-01 00:00:00
1981.0,6.0,June,56.1,25.9,26.4,14.7,23777.0,-118.0,1981-06-01 00:00:00
1981.0,7.0,July,56.0,27.4,17.4,10.7,23778.0,-117.0,1981-07-01 00:00:00
1981.0,8.0,August,51.4,26.9,18.6,12.9,23779.0,-116.0,1981-08-01 00:00:00
1981.0,9.0,September,56.9,23.2,18.4,11.6,23780.0,-115.0,1981-09-01 00:00:00
1981.0,10.0,October,59.0,24.3,19.6,13.8,23781.0,-114.0,1981-10-01 00:00:00
1981.0,11.0,November,50.2,19.6,15.2,7.5,23782.0,-113.0,1981-11-01 00:00:00
1981.0,12.0,December,54.6,23.2,18.5,9.2,23783.0,-112.0,1981-12-01 00:00:00
1982.0,1.0,January,38.1,17.3,9.6,7.5,23784.0,-111.0,1982-01-01 00:00:00
1982.0,2.0,February,33.4,15.1,9.7,4.8,23785.0,-110.0,1982-02-01 00:00:00
1982.0,3.0,March,41.2,17.5,7.9,6.4,23786.0,-109.0,1982-03-01 00:00:00
1982.0,4.0,April,40.9,16.4,10.1,7.5,23787.0,-108.0,1982-04-01 00:00:00
1982.0,5.0,May,48.2,14.5,9.6,13.3,23788.0,-107.0,1982-05-01 00:00:00
1982.0,6.0,June,45.8,18.4,13.7,7.3,23789.0,-106.0,1982-06-01 00:00:00
1982.0,7.0,July,42.5,17.2,13.2,12.7,23790.0,-105.0,1982-07-01 00:00:00
1982.0,8.0,August,50.0,17.0,15.5,7.7,23791.0,-104.0,1982-08-01 00:00:00
1982.0,9.0,September,44.6,14.5,15.1,9.7,23792.0,-103.0,1982-09-01 00:00:00
1982.0,10.0,October,50.0,17.9,14.8,19.5,23793.0,-102.0,1982-10-01 00:00:00
1982.0,11.0,November,47.7,19.2,11.9,14.7,23794.0,-101.0,1982-11-01 00:00:00
1982.0,12.0,December,56.3,18.1,11.9,9.4,23795.0,-100.0,1982-12-01 00:00:00
1983.0,1.0,January,43.6,17.9,11.0,9.4,23796.0,-99.0,1983-01-01 00:00:00
1983.0,2.0,February,41.6,16.5,9.7,9.4,23797.0,-98.0,1983-02-01 00:00:00
1983.0,3.0,March,49.4,20.0,9.7,8.5,23798.0,-97.0,1983-03-01 00:00:00
1983.0,4.0,April,50.9,19.7,11.5,8.6,23799.0,-96.0,1983-04-01 00:00:00
1983.0,5.0,May,60.2,21.8,12.7,11.0,23800.0,-95.0,1983-05-01 00:00:00
1983.0,6.0,June,65.3,26.2,19.4,11.7,23801.0,-94.0,1983-06-01 00:00:00
1983.0,7.0,July,64.1,27.4,15.8,12.2,23802.0,-93.0,1983-07-01 00:00:00
1983.0,8.0,August,85.1,31.4,25.4,13.1,23803.0,-92.0,1983-08-01 00:00:00
1983.0,9.0,September,68.9,31.6,20.4,12.6,23804.0,-91.0,1983-09-01 00:00:00
1983.0,10.0,October,81.8,32.1,24.1,14.8,23805.0,-90.0,1983-10-01 00:00:00
1983.0,11.0,November,63.5,28.8,19.8,12.8,23806.0,-89.0,1983-11-01 00:00:00
1983.0,12.0,December,71.5,31.0,21.2,14.6,23807.0,-88.0,1983-12-01 00:00:00
1984.0,1.0,January,60.4,26.9,11.6,13.1,23808.0,-87.0,1984-01-01 00:00:00
1984.0,2.0,February,59.1,28.2,11.4,10.5,23809.0,-86.0,1984-02-01 00:00:00
1984.0,3.0,March,67.8,28.4,12.5,10.7,23810.0,-85.0,1984-03-01 00:00:00
1984.0,4.0,April,68.0,31.2,15.4,12.3,23811.0,-84.0,1984-04-01 00:00:00
1984.0,5.0,May,75.5,37.4,18.1,11.7,23812.0,-83.0,1984-05-01 00:00:00
1984.0,6.0,June,84.8,38.0,18.3,15.5,23813.0,-82.0,1984-06-01 00:00:00
1984.0,7.0,July,77.2,35.9,18.3,14.8,23814.0,-81.0,1984-07-01 00:00:00
1984.0,8.0,August,75.2,32.8,24.8,18.0,23815.0,-80.0,1984-08-01 00:00:00
1984.0,9.0,September,75.8,33.8,24.9,11.8,23816.0,-79.0,1984-09-01 00:00:00
1984.0,10.0,October,81.3,39.2,23.2,15.4,23817.0,-78.0,1984-10-01 00:00:00
1984.0,11.0,November,66.0,28.6,21.1,17.8,23818.0,-77.0,1984-11-01 00:00:00
1984.0,12.0,December,75.5,35.9,21.5,16.6,23819.0,-76.0,1984-12-01 00:00:00
1985.0,1.0,January,59.3,27.8,15.9,16.1,23820.0,-75.0,1985-01-01 00:00:00
1985.0,2.0,February,63.9,31.3,14.6,11.1,23821.0,-74.0,1985-02-01 00:00:00
1985.0,3.0,March,60.8,33.1,15.6,15.7,23822.0,-73.0,1985-03-01 00:00:00
1985.0,4.0,April,61.0,36.8,14.5,14.8,23823.0,-72.0,1985-04-01 00:00:00
1985.0,5.0,May,64.1,36.8,15.6,15.3,23824.0,-71.0,1985-05-01 00:00:00
1985.0,6.0,June,82.9,39.2,20.6,20.7,23825.0,-70.0,1985-06-01 00:00:00
1985.0,7.0,July,70.3,40.4,17.8,18.6,23826.0,-69.0,1985-07-01 00:00:00
1985.0,8.0,August,74.7,37.2,24.7,17.8,23827.0,-68.0,1985-08-01 00:00:00
1985.0,9.0,September,73.5,42.2,20.3,22.2,23828.0,-67.0,1985-09-01 00:00:00
1985.0,10.0,October,61.4,42.7,24.7,21.8,23829.0,-66.0,1985-10-01 00:00:00
1985.0,11.0,November,64.6,39.5,20.4,18.8,23830.0,-65.0,1985-11-01 00:00:00
1985.0,12.0,December,75.9,39.9,25.6,20.8,23831.0,-64.0,1985-12-01 00:00:00
1986.0,1.0,January,56.3,34.5,15.9,15.6,23832.0,-63.0,1986-01-01 00:00:00
1986.0,2.0,February,50.9,37.4,14.5,15.2,23833.0,-62.0,1986-02-01 00:00:00
1986.0,3.0,March,60.2,38.8,15.8,18.2,23834.0,-61.0,1986-03-01 00:00:00
1986.0,4.0,April,62.3,33.6,15.3,18.0,23835.0,-60.0,1986-04-01 00:00:00
1986.0,5.0,May,74.3,35.2,20.4,18.0,23836.0,-59.0,1986-05-01 00:00:00
1986.0,6.0,June,66.3,40.4,21.0,22.3,23837.0,-58.0,1986-06-01 00:00:00
1986.0,7.0,July,66.0,39.9,25.4,19.2,23838.0,-57.0,1986-07-01 00:00:00
1986.0,8.0,August,66.0,42.0,27.6,23.5,23839.0,-56.0,1986-08-01 00:00:00
1986.0,9.0,September,64.1,39.1,28.1,25.9,23840.0,-55.0,1986-09-01 00:00:00
1986.0,10.0,October,67.9,44.3,30.2,25.0,23841.0,-54.0,1986-10-01 00:00:00
1986.0,11.0,November,57.9,36.9,27.4,24.8,23842.0,-53.0,1986-11-01 00:00:00
1986.0,12.0,December,71.6,46.6,28.1,28.4,23843.0,-52.0,1986-12-01 00:00:00
1987.0,1.0,January,56.1,37.4,21.8,21.4,23844.0,-51.0,1987-01-01 00:00:00
1987.0,2.0,February,47.4,35.4,18.2,16.8,23845.0,-50.0,1987-02-01 00:00:00
1987.0,3.0,March,48.9,32.1,24.7,20.7,23846.0,-49.0,1987-03-01 00:00:00
1987.0,4.0,April,53.8,38.9,21.5,21.5,23847.0,-48.0,1987-04-01 00:00:00
1987.0,5.0,May,55.6,33.7,21.3,20.7,23848.0,-47.0,1987-05-01 00:00:00
1987.0,6.0,June,59.8,41.6,24.9,21.8,23849.0,-46.0,1987-06-01 00:00:00
1987.0,7.0,July,59.6,37.5,24.6,21.9,23850.0,-45.0,1987-07-01 00:00:00
1987.0,8.0,August,58.2,43.3,29.4,20.9,23851.0,-44.0,1987-08-01 00:00:00
1987.0,9.0,September,58.2,35.0,29.2,21.0,23852.0,-43.0,1987-09-01 00:00:00
1987.0,10.0,October,55.6,42.3,29.1,22.2,23853.0,-42.0,1987-10-01 00:00:00
1987.0,11.0,November,49.3,33.2,25.0,22.6,23854.0,-41.0,1987-11-01 00:00:00
1987.0,12.0,December,57.9,38.2,32.5,26.1,23855.0,-40.0,1987-12-01 00:00:00
1988.0,1.0,January,44.2,29.7,20.8,15.6,23856.0,-39.0,1988-01-01 00:00:00
1988.0,2.0,February,44.6,27.0,14.9,13.3,23857.0,-38.0,1988-02-01 00:00:00
1988.0,3.0,March,50.8,31.9,19.1,19.2,23858.0,-37.0,1988-03-01 00:00:00
1988.0,4.0,April,48.3,34.3,22.6,20.5,23859.0,-36.0,1988-04-01 00:00:00
1988.0,5.0,May,45.0,28.5,21.2,20.6,23860.0,-35.0,1988-05-01 00:00:00
1988.0,6.0,June,50.8,35.9,26.6,22.3,23861.0,-34.0,1988-06-01 00:00:00
1988.0,7.0,July,54.8,32.2,24.4,19.6,23862.0,-33.0,1988-07-01 00:00:00
1988.0,8.0,August,53.8,40.6,26.4,22.6,23863.0,-32.0,1988-08-01 00:00:00
1988.0,9.0,September,51.1,33.1,28.0,25.4,23864.0,-31.0,1988-09-01 00:00:00
1988.0,10.0,October,50.5,41.6,26.1,26.7,23865.0,-30.0,1988-10-01 00:00:00
1988.0,11.0,November,48.0,29.0,23.1,17.8,23866.0,-29.0,1988-11-01 00:00:00
1988.0,12.0,December,52.8,40.7,27.2,26.5,23867.0,-28.0,1988-12-01 00:00:00
1989.0,1.0,January,46.2,27.5,17.1,20.4,23868.0,-27.0,1989-01-01 00:00:00
1989.0,2.0,February,39.0,31.1,16.8,18.1,23869.0,-26.0,1989-02-01 00:00:00
1989.0,3.0,March,43.1,28.9,18.4,16.3,23870.0,-25.0,1989-03-01 00:00:00
1989.0,4.0,April,46.0,31.7,21.3,22.9,23871.0,-24.0,1989-04-01 00:00:00
1989.0,5.0,May,46.6,28.9,20.1,17.4,23872.0,-23.0,1989-05-01 00:00:00
1989.0,6.0,June,47.8,32.1,21.5,16.4,23873.0,-22.0,1989-06-01 00:00:00
1989.0,7.0,July,45.2,32.8,25.4,17.0,23874.0,-21.0,1989-07-01 00:00:00
1989.0,8.0,August,51.9,39.0,25.6,18.4,23875.0,-20.0,1989-08-01 00:00:00
1989.0,9.0,September,47.4,32.5,26.0,17.1,23876.0,-19.0,1989-09-01 00:00:00
1989.0,10.0,October,46.9,34.6,26.1,16.1,23877.0,-18.0,1989-10-01 00:00:00
1989.0,11.0,November,45.9,32.5,27.2,17.9,23878.0,-17.0,1989-11-01 00:00:00
1989.0,12.0,December,43.3,36.0,21.6,20.6,23879.0,-16.0,1989-12-01 00:00:00
1990.0,1.0,January,38.2,34.8,20.1,14.2,23880.0,-15.0,1990-01-01 00:00:00
1990.0,2.0,February,34.6,26.9,15.9,11.6,23881.0,-14.0,1990-02-01 00:00:00
1990.0,3.0,March,47.4,28.4,14.6,11.8,23882.0,-13.0,1990-03-01 00:00:00
1990.0,4.0,April,38.6,31.4,20.5,10.8,23883.0,-12.0,1990-04-01 00:00:00
1990.0,5.0,May,41.8,30.5,21.8,13.3,23884.0,-11.0,1990-05-01 00:00:00
1990.0,6.0,June,45.9,29.5,23.0,15.1,23885.0,-10.0,1990-06-01 00:00:00
1990.0,7.0,July,42.5,33.3,22.9,13.3,23886.0,-9.0,1990-07-01 00:00:00
1990.0,8.0,August,51.1,32.6,25.7,11.2,23887.0,-8.0,1990-08-01 00:00:00
1990.0,9.0,September,48.5,35.2,25.9,12.8,23888.0,-7.0,1990-09-01 00:00:00
1990.0,10.0,October,42.6,32.5,26.4,17.7,23889.0,-6.0,1990-10-01 00:00:00
1990.0,11.0,November,39.3,27.8,23.1,12.3,23890.0,-5.0,1990-11-01 00:00:00
1990.0,12.0,December,40.1,33.3,23.5,13.6,23891.0,-4.0,1990-12-01 00:00:00
1991.0,1.0,January,30.4,22.9,17.2,11.5,23892.0,-3.0,1991-01-01 00:00:00
1991.0,2.0,February,31.0,21.9,12.9,6.7,23893.0,-2.0,1991-02-01 00:00:00
1991.0,3.0,March,36.0,25.9,17.2,8.5,23894.0,-1.0,1991-03-01 00:00:00
1991.0,4.0,April,35.2,23.2,16.6,9.3,23895.0,0.0,1991-04-01 00:00:00
1991.0,5.0,May,32.5,22.6,19.2,8.3,23896.0,1.0,1991-05-01 00:00:00
1991.0,6.0,June,43.6,23.3,23.0,9.3,23897.0,2.0,1991-06-01 00:00:00
1991.0,7.0,July,36.7,25.3,20.5,9.4,23898.0,3.0,1991-07-01 00:00:00
1991.0,8.0,August,40.6,24.1,24.3,9.7,23899.0,4.0,1991-08-01 00:00:00
1991.0,9.0,September,41.3,28.5,25.7,13.8,23900.0,5.0,1991-09-01 00:00:00
1991.0,10.0,October,39.3,25.4,25.3,12.0,23901.0,6.0,1991-10-01 00:00:00
1991.0,11.0,November,31.9,23.5,19.5,10.7,23902.0,7.0,1991-11-01 00:00:00
1991.0,12.0,December,40.4,24.8,19.0,10.9,23903.0,8.0,1991-12-01 00:00:00
1992.0,1.0,January,27.7,20.3,15.9,10.3,23904.0,9.0,1992-01-01 00:00:00
1992.0,2.0,February,33.3,19.6,15.1,8.8,23905.0,10.0,1992-02-01 00:00:00
1992.0,3.0,March,35.7,22.2,16.4,8.7,23906.0,11.0,1992-03-01 00:00:00
1992.0,4.0,April,33.1,20.9,18.5,10.1,23907.0,12.0,1992-04-01 00:00:00
1992.0,5.0,May,37.5,23.1,21.4,12.3,23908.0,13.0,1992-05-01 00:00:00
1992.0,6.0,June,43.8,26.5,22.7,12.0,23909.0,14.0,1992-06-01 00:00:00
1992.0,7.0,July,42.5,25.2,23.0,14.6,23910.0,15.0,1992-07-01 00:00:00
1992.0,8.0,August,44.1,26.4,26.1,9.2,23911.0,16.0,1992-08-01 00:00:00
1992.0,9.0,September,40.7,28.2,26.0,10.6,23912.0,17.0,1992-09-01 00:00:00
1992.0,10.0,October,43.2,23.4,27.7,13.9,23913.0,18.0,1992-10-01 00:00:00
1992.0,11.0,November,36.5,23.9,28.3,13.3,23914.0,19.0,1992-11-01 00:00:00
1992.0,12.0,December,44.2,30.5,27.4,12.8,23915.0,20.0,1992-12-01 00:00:00
1993.0,1.0,January,35.4,21.4,16.2,7.8,23916.0,21.0,1993-01-01 00:00:00
1993.0,2.0,February,34.4,18.5,19.6,9.1,23917.0,22.0,1993-02-01 00:00:00
1993.0,3.0,March,39.7,20.0,15.7,7.0,23918.0,23.0,1993-03-01 00:00:00
1993.0,4.0,April,36.3,23.0,20.7,10.7,23919.0,24.0,1993-04-01 00:00:00
1993.0,5.0,May,42.2,21.9,18.9,7.3,23920.0,25.0,1993-05-01 00:00:00
1993.0,6.0,June,42.4,29.0,24.4,8.9,23921.0,26.0,1993-06-01 00:00:00
1993.0,7.0,July,42.4,21.4,20.8,9.1,23922.0,27.0,1993-07-01 00:00:00
1993.0,8.0,August,50.2,26.9,26.9,11.7,23923.0,28.0,1993-08-01 00:00:00
1993.0,9.0,September,46.2,26.0,26.8,8.6,23924.0,29.0,1993-09-01 00:00:00
1993.0,10.0,October,47.2,28.7,30.9,11.3,23925.0,30.0,1993-10-01 00:00:00
1993.0,11.0,November,43.7,24.2,24.7,13.6,23926.0,31.0,1993-11-01 00:00:00
1993.0,12.0,December,51.8,28.9,27.7,12.4,23927.0,32.0,1993-12-01 00:00:00
1994.0,1.0,January,38.0,23.0,17.9,7.6,23928.0,33.0,1994-01-01 00:00:00
1994.0,2.0,February,38.1,25.5,18.7,7.2,23929.0,34.0,1994-02-01 00:00:00
1994.0,3.0,March,42.7,24.0,20.0,7.4,23930.0,35.0,1994-03-01 00:00:00
1994.0,4.0,April,46.5,26.3,21.4,9.4,23931.0,36.0,1994-04-01 00:00:00
1994.0,5.0,May,48.5,30.3,25.4,11.4,23932.0,37.0,1994-05-01 00:00:00
1994.0,6.0,June,51.0,26.4,29.4,10.3,23933.0,38.0,1994-06-01 00:00:00
1994.0,7.0,July,45.0,29.4,23.7,10.7,23934.0,39.0,1994-07-01 00:00:00
1994.0,8.0,August,51.4,30.9,28.7,13.0,23935.0,40.0,1994-08-01 00:00:00
1994.0,9.0,September,55.5,29.3,32.0,11.7,23936.0,41.0,1994-09-01 00:00:00
1994.0,10.0,October,56.6,30.0,31.6,12.2,23937.0,42.0,1994-10-01 00:00:00
1994.0,11.0,November,50.6,27.8,27.2,10.8,23938.0,43.0,1994-11-01 00:00:00
1994.0,12.0,December,56.9,32.6,31.2,11.6,23939.0,44.0,1994-12-01 00:00:00
1995.0,1.0,January,45.0,21.2,22.7,11.4,23940.0,45.0,1995-01-01 00:00:00
1995.0,2.0,February,38.7,20.2,18.8,8.3,23941.0,46.0,1995-02-01 00:00:00
1995.0,3.0,March,46.6,27.8,20.7,9.9,23942.0,47.0,1995-03-01 00:00:00
1995.0,4.0,April,44.5,23.9,25.9,7.2,23943.0,48.0,1995-04-01 00:00:00
1995.0,5.0,May,46.9,24.9,24.8,11.2,23944.0,49.0,1995-05-01 00:00:00
1995.0,6.0,June,48.1,25.7,24.7,10.3,23945.0,50.0,1995-06-01 00:00:00
1995.0,7.0,July,48.9,27.4,25.9,13.3,23946.0,51.0,1995-07-01 00:00:00
1995.0,8.0,August,53.5,27.3,25.8,8.8,23947.0,52.0,1995-08-01 00:00:00
1995.0,9.0,September,49.7,27.7,27.0,11.1,23948.0,53.0,1995-09-01 00:00:00
1995.0,10.0,October,56.2,30.6,25.9,12.7,23949.0,54.0,1995-10-01 00:00:00
1995.0,11.0,November,51.1,30.3,25.0,9.7,23950.0,55.0,1995-11-01 00:00:00
1995.0,12.0,December,52.0,29.6,20.8,12.9,23951.0,56.0,1995-12-01 00:00:00
1996.0,1.0,January,43.9,26.0,21.0,8.4,23952.0,57.0,1996-01-01 00:00:00
1996.0,2.0,February,41.9,24.7,15.2,9.2,23953.0,58.0,1996-02-01 00:00:00
1996.0,3.0,March,49.7,26.8,20.0,6.6,23954.0,59.0,1996-03-01 00:00:00
1996.0,4.0,April,45.9,24.3,22.9,8.8,23955.0,60.0,1996-04-01 00:00:00
1996.0,5.0,May,53.3,29.5,22.6,9.2,23956.0,61.0,1996-05-01 00:00:00
1996.0,6.0,June,56.6,30.5,27.8,10.9,23957.0,62.0,1996-06-01 00:00:00
1996.0,7.0,July,56.3,30.8,29.9,9.3,23958.0,63.0,1996-07-01 00:00:00
1996.0,8.0,August,61.4,31.4,30.3,11.0,23959.0,64.0,1996-08-01 00:00:00
1996.0,9.0,September,51.3,31.7,27.4,11.7,23960.0,65.0,1996-09-01 00:00:00
1996.0,10.0,October,59.7,30.0,27.1,13.2,23961.0,66.0,1996-10-01 00:00:00
1996.0,11.0,November,52.3,27.0,30.0,13.5,23962.0,67.0,1996-11-01 00:00:00
1996.0,12.0,December,64.7,33.6,30.3,13.3,23963.0,68.0,1996-12-01 00:00:00
1997.0,1.0,January,41.6,24.4,21.2,8.5,23964.0,69.0,1997-01-01 00:00:00
1997.0,2.0,February,49.0,24.7,20.5,10.5,23965.0,70.0,1997-02-01 00:00:00
1997.0,3.0,March,51.9,25.4,19.0,13.4,23966.0,71.0,1997-03-01 00:00:00
1997.0,4.0,April,52.8,26.2,23.1,8.6,23967.0,72.0,1997-04-01 00:00:00
1997.0,5.0,May,49.0,29.1,22.8,12.7,23968.0,73.0,1997-05-01 00:00:00
1997.0,6.0,June,50.4,28.3,24.5,10.7,23969.0,74.0,1997-06-01 00:00:00
1997.0,7.0,July,49.7,27.5,24.3,11.3,23970.0,75.0,1997-07-01 00:00:00
1997.0,8.0,August,52.6,29.8,28.7,10.2,23971.0,76.0,1997-08-01 00:00:00
1997.0,9.0,September,60.7,27.1,28.4,13.1,23972.0,77.0,1997-09-01 00:00:00
1997.0,10.0,October,57.3,30.9,29.2,11.4,23973.0,78.0,1997-10-01 00:00:00
1997.0,11.0,November,55.0,29.7,27.3,11.4,23974.0,79.0,1997-11-01 00:00:00
1997.0,12.0,December,64.0,33.5,26.9,12.1,23975.0,80.0,1997-12-01 00:00:00
1998.0,1.0,January,40.7,23.3,17.9,9.5,23976.0,81.0,1998-01-01 00:00:00
1998.0,2.0,February,45.7,23.8,20.0,8.3,23977.0,82.0,1998-02-01 00:00:00
1998.0,3.0,March,50.6,28.7,23.9,8.0,23978.0,83.0,1998-03-01 00:00:00
1998.0,4.0,April,56.6,24.0,25.4,9.2,23979.0,84.0,1998-04-01 00:00:00
1998.0,5.0,May,54.5,27.5,25.5,11.4,23980.0,85.0,1998-05-01 00:00:00
1998.0,6.0,June,59.0,29.9,26.9,12.0,23981.0,86.0,1998-06-01 00:00:00
1998.0,7.0,July,60.0,32.4,30.2,10.9,23982.0,87.0,1998-07-01 00:00:00
1998.0,8.0,August,64.5,33.1,28.2,12.8,23983.0,88.0,1998-08-01 00:00:00
1998.0,9.0,September,59.2,32.3,25.0,14.4,23984.0,89.0,1998-09-01 00:00:00
1998.0,10.0,October,58.5,34.7,27.5,12.6,23985.0,90.0,1998-10-01 00:00:00
1998.0,11.0,November,61.7,36.4,27.2,13.6,23986.0,91.0,1998-11-01 00:00:00
1998.0,12.0,December,60.6,34.1,27.3,14.5,23987.0,92.0,1998-12-01 00:00:00
1999.0,1.0,January,57.1,27.0,19.7,8.6,23988.0,93.0,1999-01-01 00:00:00
1999.0,2.0,February,50.8,23.6,18.1,7.9,23989.0,94.0,1999-02-01 00:00:00
1999.0,3.0,March,57.4,33.4,27.0,10.4,23990.0,95.0,1999-03-01 00:00:00
1999.0,4.0,April,54.1,31.6,24.9,11.8,23991.0,96.0,1999-04-01 00:00:00
1999.0,5.0,May,60.4,30.4,27.9,13.8,23992.0,97.0,1999-05-01 00:00:00
1999.0,6.0,June,62.3,36.1,30.9,13.5,23993.0,98.0,1999-06-01 00:00:00
1999.0,7.0,July,62.3,33.6,26.8,14.6,23994.0,99.0,1999-07-01 00:00:00
1999.0,8.0,August,67.7,30.5,31.0,13.2,23995.0,100.0,1999-08-01 00:00:00
1999.0,9.0,September,63.3,37.8,32.9,12.4,23996.0,101.0,1999-09-01 00:00:00
1999.0,10.0,October,65.9,36.7,31.2,10.3,23997.0,102.0,1999-10-01 00:00:00
1999.0,11.0,November,62.5,34.4,30.5,12.8,23998.0,103.0,1999-11-01 00:00:00
1999.0,12.0,December,69.0,39.7,33.7,13.4,23999.0,104.0,1999-12-01 00:00:00
2000.0,1.0,January,52.2,24.9,23.0,10.0,24000.0,105.0,2000-01-01 00:00:00
2000.0,2.0,February,56.0,27.6,21.6,10.8,24001.0,106.0,2000-02-01 00:00:00
2000.0,3.0,March,57.8,33.5,27.8,11.5,24002.0,107.0,2000-03-01 00:00:00
2000.0,4.0,April,56.9,31.9,23.4,12.1,24003.0,108.0,2000-04-01 00:00:00
2000.0,5.0,May,64.0,30.0,30.5,12.1,24004.0,109.0,2000-05-01 00:00:00
2000.0,6.0,June,63.1,26.5,30.7,13.2,24005.0,110.0,2000-06-01 00:00:00
2000.0,7.0,July,61.2,29.4,24.2,12.1,24006.0,111.0,2000-07-01 00:00:00
2000.0,8.0,August,65.0,33.4,33.4,12.2,24007.0,112.0,2000-08-01 00:00:00
2000.0,9.0,September,58.6,30.2,32.0,14.8,24008.0,113.0,2000-09-01 00:00:00
2000.0,10.0,October,64.8,29.8,28.8,13.5,24009.0,114.0,2000-10-01 00:00:00
2000.0,11.0,November,63.2,30.6,30.1,11.3,24010.0,115.0,2000-11-01 00:00:00
2000.0,12.0,December,66.6,36.1,29.1,12.3,24011.0,116.0,2000-12-01 00:00:00
2001.0,1.0,January,44.1,24.2,20.9,10.8,24012.0,117.0,2001-01-01 00:00:00
2001.0,2.0,February,52.5,25.2,19.2,9.2,24013.0,118.0,2001-02-01 00:00:00
2001.0,3.0,March,55.8,28.7,20.3,9.6,24014.0,119.0,2001-03-01 00:00:00
2001.0,4.0,April,54.9,31.1,24.6,10.9,24015.0,120.0,2001-04-01 00:00:00
2001.0,5.0,May,56.8,30.7,23.4,11.0,24016.0,121.0,2001-05-01 00:00:00
2001.0,6.0,June,68.2,33.1,28.0,14.6,24017.0,122.0,2001-06-01 00:00:00
2001.0,7.0,July,62.6,29.9,31.5,10.7,24018.0,123.0,2001-07-01 00:00:00
2001.0,8.0,August,69.5,37.4,29.2,12.4,24019.0,124.0,2001-08-01 00:00:00
2001.0,9.0,September,64.8,32.7,28.6,11.1,24020.0,125.0,2001-09-01 00:00:00
2001.0,10.0,October,64.5,34.7,29.8,14.5,24021.0,126.0,2001-10-01 00:00:00
2001.0,11.0,November,56.0,36.3,31.6,12.8,24022.0,127.0,2001-11-01 00:00:00
2001.0,12.0,December,76.7,39.2,29.3,17.1,24023.0,128.0,2001-12-01 00:00:00
2002.0,1.0,January,53.2,27.2,18.9,12.9,24024.0,129.0,2002-01-01 00:00:00
2002.0,2.0,February,53.7,28.0,24.0,9.4,24025.0,130.0,2002-02-01 00:00:00
2002.0,3.0,March,54.0,33.0,24.3,9.8,24026.0,131.0,2002-03-01 00:00:00
2002.0,4.0,April,62.3,27.7,25.4,11.9,24027.0,132.0,2002-04-01 00:00:00
2002.0,5.0,May,67.7,31.7,28.8,11.2,24028.0,133.0,2002-05-01 00:00:00
2002.0,6.0,June,64.8,37.4,21.8,14.3,24029.0,134.0,2002-06-01 00:00:00
2002.0,7.0,July,65.2,33.0,26.8,11.7,24030.0,135.0,2002-07-01 00:00:00
2002.0,8.0,August,69.0,40.5,33.4,15.5,24031.0,136.0,2002-08-01 00:00:00
2002.0,9.0,September,66.2,36.1,31.9,12.3,24032.0,137.0,2002-09-01 00:00:00
2002.0,10.0,October,67.4,34.6,29.5,11.8,24033.0,138.0,2002-10-01 00:00:00
2002.0,11.0,November,61.3,41.0,33.6,13.8,24034.0,139.0,2002-11-01 00:00:00
2002.0,12.0,December,73.0,42.7,31.3,13.3,24035.0,140.0,2002-12-01 00:00:00
2003.0,1.0,January,56.3,29.2,18.4,9.5,24036.0,141.0,2003-01-01 00:00:00
2003.0,2.0,February,52.2,30.0,19.2,14.3,24037.0,142.0,2003-02-01 00:00:00
2003.0,3.0,March,57.7,33.8,25.3,8.6,24038.0,143.0,2003-03-01 00:00:00
2003.0,4.0,April,59.7,31.4,27.4,11.0,24039.0,144.0,2003-04-01 00:00:00
2003.0,5.0,May,61.1,37.5,28.3,16.0,24040.0,145.0,2003-05-01 00:00:00
2003.0,6.0,June,64.8,36.9,28.6,13.8,24041.0,146.0,2003-06-01 00:00:00
2003.0,7.0,July,60.8,38.7,30.6,11.4,24042.0,147.0,2003-07-01 00:00:00
2003.0,8.0,August,62.4,36.6,30.2,14.0,24043.0,148.0,2003-08-01 00:00:00
2003.0,9.0,September,63.2,41.9,33.6,13.8,24044.0,149.0,2003-09-01 00:00:00
2003.0,10.0,October,69.0,42.8,30.1,13.5,24045.0,150.0,2003-10-01 00:00:00
2003.0,11.0,November,67.7,36.9,29.4,14.5,24046.0,151.0,2003-11-01 00:00:00
2003.0,12.0,December,80.8,40.4,31.1,14.2,24047.0,152.0,2003-12-01 00:00:00
2004.0,1.0,January,51.0,32.9,25.1,9.5,24048.0,153.0,2004-01-01 00:00:00
2004.0,2.0,February,54.1,31.6,24.2,9.6,24049.0,154.0,2004-02-01 00:00:00
2004.0,3.0,March,66.1,36.5,24.3,10.1,24050.0,155.0,2004-03-01 00:00:00
2004.0,4.0,April,70.0,42.9,28.5,10.6,24051.0,156.0,2004-04-01 00:00:00
2004.0,5.0,May,76.4,39.9,31.1,12.0,24052.0,157.0,2004-05-01 00:00:00
2004.0,6.0,June,73.2,43.4,30.1,15.4,24053.0,158.0,2004-06-01 00:00:00
2004.0,7.0,July,73.5,40.2,31.8,13.4,24054.0,159.0,2004-07-01 00:00:00
2004.0,8.0,August,79.2,40.6,40.3,16.5,24055.0,160.0,2004-08-01 00:00:00
2004.0,9.0,September,72.5,40.0,31.9,13.8,24056.0,161.0,2004-09-01 00:00:00
2004.0,10.0,October,71.2,43.4,33.0,17.4,24057.0,162.0,2004-10-01 00:00:00
2004.0,11.0,November,70.6,37.7,28.3,13.8,24058.0,163.0,2004-11-01 00:00:00
2004.0,12.0,December,82.5,54.2,33.6,13.8,24059.0,164.0,2004-12-01 00:00:00
2005.0,1.0,January,60.5,37.8,21.7,10.9,24060.0,165.0,2005-01-01 00:00:00
2005.0,2.0,February,61.9,31.9,25.4,12.8,24061.0,166.0,2005-02-01 00:00:00
2005.0,3.0,March,62.5,39.5,23.3,10.4,24062.0,167.0,2005-03-01 00:00:00
2005.0,4.0,April,71.0,40.1,27.3,12.3,24063.0,168.0,2005-04-01 00:00:00
2005.0,5.0,May,81.7,44.1,36.5,14.1,24064.0,169.0,2005-05-01 00:00:00
2005.0,6.0,June,81.9,41.2,31.0,16.9,24065.0,170.0,2005-06-01 00:00:00
2005.0,7.0,July,74.1,43.3,28.8,12.3,24066.0,171.0,2005-07-01 00:00:00
2005.0,8.0,August,78.7,46.0,33.8,19.9,24067.0,172.0,2005-08-01 00:00:00
2005.0,9.0,September,80.7,45.0,31.3,15.1,24068.0,173.0,2005-09-01 00:00:00
2005.0,10.0,October,84.5,45.4,31.9,13.9,24069.0,174.0,2005-10-01 00:00:00
2005.0,11.0,November,76.0,41.9,30.5,14.4,24070.0,175.0,2005-11-01 00:00:00
2005.0,12.0,December,90.2,48.9,30.6,17.8,24071.0,176.0,2005-12-01 00:00:00
2006.0,1.0,January,69.8,35.8,23.5,13.3,24072.0,177.0,2006-01-01 00:00:00
2006.0,2.0,February,68.5,38.0,21.3,14.0,24073.0,178.0,2006-02-01 00:00:00
2006.0,3.0,March,87.6,42.8,26.1,12.7,24074.0,179.0,2006-03-01 00:00:00
2006.0,4.0,April,77.9,38.6,26.6,17.2,24075.0,180.0,2006-04-01 00:00:00
2006.0,5.0,May,78.0,41.7,25.5,13.7,24076.0,181.0,2006-05-01 00:00:00
2006.0,6.0,June,86.5,48.2,29.3,15.5,24077.0,182.0,2006-06-01 00:00:00
2006.0,7.0,July,85.1,36.6,27.2,14.8,24078.0,183.0,2006-07-01 00:00:00
2006.0,8.0,August,82.1,41.9,30.4,16.1,24079.0,184.0,2006-08-01 00:00:00
2006.0,9.0,September,86.2,46.1,30.5,18.0,24080.0,185.0,2006-09-01 00:00:00
2006.0,10.0,October,87.9,40.8,29.4,14.4,24081.0,186.0,2006-10-01 00:00:00
2006.0,11.0,November,82.6,35.8,26.4,14.0,24082.0,187.0,2006-11-01 00:00:00
2006.0,12.0,December,94.5,42.3,29.0,15.3,24083.0,188.0,2006-12-01 00:00:00
2007.0,1.0,January,67.7,30.0,17.7,11.9,24084.0,189.0,2007-01-01 00:00:00
2007.0,2.0,February,62.3,25.2,15.3,9.7,24085.0,190.0,2007-02-01 00:00:00
2007.0,3.0,March,64.3,31.9,17.0,9.7,24086.0,191.0,2007-03-01 00:00:00
2007.0,4.0,April,63.7,28.3,17.7,9.2,24087.0,192.0,2007-04-01 00:00:00
2007.0,5.0,May,66.1,32.9,19.4,11.2,24088.0,193.0,2007-05-01 00:00:00
2007.0,6.0,June,67.1,30.4,19.1,14.5,24089.0,194.0,2007-06-01 00:00:00
2007.0,7.0,July,67.3,31.5,19.3,11.0,24090.0,195.0,2007-07-01 00:00:00
2007.0,8.0,August,70.0,36.2,16.6,14.1,24091.0,196.0,2007-08-01 00:00:00
2007.0,9.0,September,57.2,30.9,22.9,12.2,24092.0,197.0,2007-09-01 00:00:00
2007.0,10.0,October,62.1,28.0,19.4,16.6,24093.0,198.0,2007-10-01 00:00:00
2007.0,11.0,November,56.6,31.3,19.9,10.9,24094.0,199.0,2007-11-01 00:00:00
2007.0,12.0,December,61.8,32.7,18.4,13.8,24095.0,200.0,2007-12-01 00:00:00
2008.0,1.0,January,48.4,23.6,12.9,8.7,24096.0,201.0,2008-01-01 00:00:00
2008.0,2.0,February,48.1,16.5,15.2,7.2,24097.0,202.0,2008-02-01 00:00:00
2008.0,3.0,March,47.1,23.1,12.6,7.0,24098.0,203.0,2008-03-01 00:00:00
2008.0,4.0,April,40.6,19.0,11.2,8.6,24099.0,204.0,2008-04-01 00:00:00
2008.0,5.0,May,48.5,21.3,15.2,11.5,24100.0,205.0,2008-05-01 00:00:00
2008.0,6.0,June,51.4,23.4,17.3,7.6,24101.0,206.0,2008-06-01 00:00:00
2008.0,7.0,July,45.7,23.0,11.6,11.1,24102.0,207.0,2008-07-01 00:00:00
2008.0,8.0,August,50.0,19.6,16.0,8.9,24103.0,208.0,2008-08-01 00:00:00
2008.0,9.0,September,47.2,24.5,22.1,10.4,24104.0,209.0,2008-09-01 00:00:00
2008.0,10.0,October,48.0,22.8,15.6,7.8,24105.0,210.0,2008-10-01 00:00:00
2008.0,11.0,November,43.3,22.5,16.2,9.4,24106.0,211.0,2008-11-01 00:00:00
2008.0,12.0,December,49.0,25.1,12.3,11.4,24107.0,212.0,2008-12-01 00:00:00
2009.0,1.0,January,27.8,12.6,8.0,6.2,24108.0,213.0,2009-01-01 00:00:00
2009.0,2.0,February,26.9,14.8,7.8,6.9,24109.0,214.0,2009-02-01 00:00:00
2009.0,3.0,March,32.2,16.8,8.3,4.8,24110.0,215.0,2009-03-01 00:00:00
2009.0,4.0,April,31.7,13.8,9.1,10.9,24111.0,216.0,2009-04-01 00:00:00
2009.0,5.0,May,35.0,16.4,10.0,6.7,24112.0,217.0,2009-05-01 00:00:00
2009.0,6.0,June,34.3,16.4,10.3,9.4,24113.0,218.0,2009-06-01 00:00:00
2009.0,7.0,July,31.4,17.0,9.4,8.6,24114.0,219.0,2009-07-01 00:00:00
2009.0,8.0,August,41.3,14.5,11.9,6.3,24115.0,220.0,2009-08-01 00:00:00
2009.0,9.0,September,29.8,15.9,9.9,8.9,24116.0,221.0,2009-09-01 00:00:00
2009.0,10.0,October,32.3,17.2,9.0,9.0,24117.0,222.0,2009-10-01 00:00:00
2009.0,11.0,November,33.7,17.3,13.1,8.5,24118.0,223.0,2009-11-01 00:00:00
2009.0,12.0,December,37.2,14.8,12.3,8.1,24119.0,224.0,2009-12-01 00:00:00
2010.0,1.0,January,21.2,13.9,5.5,5.8,24120.0,225.0,2010-01-01 00:00:00
2010.0,2.0,February,23.0,11.2,5.7,5.6,24121.0,226.0,2010-02-01 00:00:00
2010.0,3.0,March,26.0,12.5,5.7,4.4,24122.0,227.0,2010-03-01 00:00:00
2010.0,4.0,April,32.1,10.5,7.9,7.2,24123.0,228.0,2010-04-01 00:00:00
2010.0,5.0,May,26.2,14.9,10.0,7.5,24124.0,229.0,2010-05-01 00:00:00
2010.0,6.0,June,33.9,21.2,14.8,7.7,24125.0,230.0,2010-06-01 00:00:00
2010.0,7.0,July,23.8,9.8,8.8,5.8,24126.0,231.0,2010-07-01 00:00:00
2010.0,8.0,August,26.6,10.9,9.3,7.9,24127.0,232.0,2010-08-01 00:00:00
2010.0,9.0,September,26.7,13.2,8.8,7.9,24128.0,233.0,2010-09-01 00:00:00
2010.0,10.0,October,25.9,10.0,10.7,8.2,24129.0,234.0,2010-10-01 00:00:00
2010.0,11.0,November,22.4,8.4,11.0,6.5,24130.0,235.0,2010-11-01 00:00:00
2010.0,12.0,December,28.9,11.2,8.7,5.9,24131.0,236.0,2010-12-01 00:00:00
2011.0,1.0,January,17.3,7.2,6.3,4.2,24132.0,237.0,2011-01-01 00:00:00
2011.0,2.0,February,23.1,8.1,6.4,4.4,24133.0,238.0,2011-02-01 00:00:00
2011.0,3.0,March,25.4,7.4,6.5,4.5,24134.0,239.0,2011-03-01 00:00:00
2011.0,4.0,April,21.9,7.7,7.4,5.2,24135.0,240.0,2011-04-01 00:00:00
2011.0,5.0,May,20.0,11.1,8.7,5.6,24136.0,241.0,2011-05-01 00:00:00
2011.0,6.0,June,24.6,8.8,9.6,7.5,24137.0,242.0,2011-06-01 00:00:00
2011.0,7.0,July,29.6,8.5,9.7,5.8,24138.0,243.0,2011-07-01 00:00:00
2011.0,8.0,August,26.9,12.4,11.8,6.3,24139.0,244.0,2011-08-01 00:00:00
2011.0,9.0,September,26.5,10.7,8.6,8.9,24140.0,245.0,2011-09-01 00:00:00
2011.0,10.0,October,25.6,9.8,9.0,7.7,24141.0,246.0,2011-10-01 00:00:00
2011.0,11.0,November,26.0,10.5,8.8,4.7,24142.0,247.0,2011-11-01 00:00:00
2011.0,12.0,December,28.6,11.9,10.0,7.8,24143.0,248.0,2011-12-01 00:00:00
2012.0,1.0,January,18.8,6.0,5.8,5.8,24144.0,249.0,2012-01-01 00:00:00
2012.0,2.0,February,19.9,7.4,6.4,5.3,24145.0,250.0,2012-02-01 00:00:00
2012.0,3.0,March,22.1,9.1,8.4,4.8,24146.0,251.0,2012-03-01 00:00:00
2012.0,4.0,April,26.1,11.9,8.3,6.1,24147.0,252.0,2012-04-01 00:00:00
2012.0,5.0,May,24.5,10.1,8.5,6.8,24148.0,253.0,2012-05-01 00:00:00
2012.0,6.0,June,27.9,10.9,9.0,7.2,24149.0,254.0,2012-06-01 00:00:00
2012.0,7.0,July,26.7,11.7,11.8,8.0,24150.0,255.0,2012-07-01 00:00:00
2012.0,8.0,August,30.9,16.5,11.3,6.1,24151.0,256.0,2012-08-01 00:00:00
2012.0,9.0,September,28.7,13.0,10.3,6.6,24152.0,257.0,2012-09-01 00:00:00
2012.0,10.0,October,36.6,13.5,11.3,6.3,24153.0,258.0,2012-10-01 00:00:00
2012.0,11.0,November,28.7,14.0,8.9,6.2,24154.0,259.0,2012-11-01 00:00:00
2012.0,12.0,December,33.7,15.3,10.4,5.4,24155.0,260.0,2012-12-01 00:00:00
2013.0,1.0,January,24.8,12.5,5.5,4.6,24156.0,261.0,2013-01-01 00:00:00
2013.0,2.0,February,26.4,12.2,7.1,4.1,24157.0,262.0,2013-02-01 00:00:00
2013.0,3.0,March,29.2,18.2,7.9,6.5,24158.0,263.0,2013-03-01 00:00:00
2013.0,4.0,April,27.9,12.0,10.0,4.7,24159.0,264.0,2013-04-01 00:00:00
2013.0,5.0,May,31.3,12.9,9.3,4.8,24160.0,265.0,2013-05-01 00:00:00
2013.0,6.0,June,34.1,16.1,9.4,6.4,24161.0,266.0,2013-06-01 00:00:00
2013.0,7.0,July,32.3,16.5,10.4,7.8,24162.0,267.0,2013-07-01 00:00:00
2013.0,8.0,August,38.2,15.1,11.4,6.9,24163.0,268.0,2013-08-01 00:00:00
2013.0,9.0,September,35.8,14.3,12.3,7.3,24164.0,269.0,2013-09-01 00:00:00
2013.0,10.0,October,38.9,15.7,12.6,6.4,24165.0,270.0,2013-10-01 00:00:00
2013.0,11.0,November,33.5,17.5,12.5,7.3,24166.0,271.0,2013-11-01 00:00:00
2013.0,12.0,December,37.0,16.1,12.2,8.5,24167.0,272.0,2013-12-01 00:00:00
2014.0,1.0,January,29.2,12.6,8.2,6.2,24168.0,273.0,2014-01-01 00:00:00
2014.0,2.0,February,31.8,13.5,10.2,4.1,24169.0,274.0,2014-02-01 00:00:00
2014.0,3.0,March,37.7,15.8,9.8,4.4,24170.0,275.0,2014-03-01 00:00:00
2014.0,4.0,April,34.2,15.0,9.2,5.5,24171.0,276.0,2014-04-01 00:00:00
2014.0,5.0,May,33.7,17.5,12.2,10.0,24172.0,277.0,2014-05-01 00:00:00
2014.0,6.0,June,36.2,15.2,13.1,7.0,24173.0,278.0,2014-06-01 00:00:00
2014.0,7.0,July,35.8,15.9,12.9,5.9,24174.0,279.0,2014-07-01 00:00:00
