year,month,south,time_c,a,b,south_pred,south_deviation,detrended_data
1968.0,1.0,35.6,-279.0,53.15813953488374,-0.020558484401319986,58.893956682852014,-23.293956682852013,29.864182852031725
1968.0,2.0,31.5,-278.0,53.15813953488374,-0.020558484401319986,58.873398198450694,-27.373398198450694,25.784741336433044
1968.0,3.0,42.5,-277.0,53.15813953488374,-0.020558484401319986,58.852839714049374,-16.352839714049374,36.805299820834364
1968.0,4.0,42.9,-276.0,53.15813953488374,-0.020558484401319986,58.83228122964805,-15.932281229648055,37.22585830523568
1968.0,5.0,46.2,-275.0,53.15813953488374,-0.020558484401319986,58.81172274524673,-12.61172274524673,40.54641678963701
1968.0,6.0,37.7,-274.0,53.15813953488374,-0.020558484401319986,58.79116426084541,-21.09116426084541,32.06697527403833
1968.0,7.0,50.3,-273.0,53.15813953488374,-0.020558484401319986,58.77060577644409,-8.470605776444096,44.68753375843964
1968.0,8.0,46.6,-272.0,53.15813953488374,-0.020558484401319986,58.75004729204277,-12.150047292042771,41.008092242840966
1968.0,9.0,48.7,-271.0,53.15813953488374,-0.020558484401319986,58.72948880764145,-10.02948880764145,43.12865072724229
1968.0,10.0,50.2,-270.0,53.15813953488374,-0.020558484401319986,58.70893032324013,-8.50893032324013,44.64920921164361
1968.0,11.0,45.7,-269.0,53.15813953488374,-0.020558484401319986,58.68837183883881,-12.988371838838809,40.16976769604493
1968.0,12.0,49.8,-268.0,53.15813953488374,-0.020558484401319986,58.66781335443749,-8.867813354437494,44.29032618044624
1969.0,1.0,40.1,-267.0,53.15813953488374,-0.020558484401319986,58.64725487003617,-18.54725487003617,34.61088466484757
1969.0,2.0,34.8,-266.0,53.15813953488374,-0.020558484401319986,58.62669638563485,-23.826696385634854,29.331443149248884
1969.0,3.0,53.3,-265.0,53.15813953488374,-0.020558484401319986,58.60613790123353,-5.306137901233534,47.852001633650204
1969.0,4.0,38.1,-264.0,53.15813953488374,-0.020558484401319986,58.58557941683222,-20.485579416832216,32.67256011805152
1969.0,5.0,50.9,-263.0,53.15813953488374,-0.020558484401319986,58.5650209324309,-7.665020932430899,45.49311860245284
1969.0,6.0,53.7,-262.0,53.15813953488374,-0.020558484401319986,58.54446244802958,-4.844462448029574,48.31367708685416
1969.0,7.0,46.5,-261.0,53.15813953488374,-0.020558484401319986,58.52390396362826,-12.023903963628257,41.13423557125548
1969.0,8.0,45.8,-260.0,53.15813953488374,-0.020558484401319986,58.50334547922694,-12.70334547922694,40.4547940556568
1969.0,9.0,48.4,-259.0,53.15813953488374,-0.020558484401319986,58.48278699482562,-10.082786994825618,43.07535254005812
1969.0,10.0,49.4,-258.0,53.15813953488374,-0.020558484401319986,58.462228510424296,-9.062228510424298,44.09591102445944
1969.0,11.0,38.9,-257.0,53.15813953488374,-0.020558484401319986,58.441670026022976,-19.541670026022977,33.61646950886076
1969.0,12.0,53.2,-256.0,53.15813953488374,-0.020558484401319986,58.421111541621656,-5.221111541621653,47.937027993262085
1970.0,1.0,43.7,-255.0,53.15813953488374,-0.020558484401319986,58.400553057220336,-14.700553057220333,38.457586477663405
1970.0,2.0,39.6,-254.0,53.15813953488374,-0.020558484401319986,58.379994572819015,-18.779994572819014,34.378144962064724
1970.0,3.0,40.0,-253.0,53.15813953488374,-0.020558484401319986,58.359436088417695,-18.359436088417695,34.79870344646604
1970.0,4.0,43.9,-252.0,53.15813953488374,-0.020558484401319986,58.338877604016375,-14.438877604016376,38.71926193086736
1970.0,5.0,40.5,-251.0,53.15813953488374,-0.020558484401319986,58.318319119615055,-17.818319119615055,35.33982041526868
1970.0,6.0,60.1,-250.0,53.15813953488374,-0.020558484401319986,58.297760635213734,1.8022393647862671,54.960378899670005
1970.0,7.0,45.5,-249.0,53.15813953488374,-0.020558484401319986,58.277202150812414,-12.777202150812414,40.38093738407132
1970.0,8.0,65.9,-248.0,53.15813953488374,-0.020558484401319986,58.256643666411094,7.643356333588912,60.80149586847265
1970.0,9.0,49.7,-247.0,53.15813953488374,-0.020558484401319986,58.236085182009774,-8.53608518200977,44.62205435287397
1970.0,10.0,62.6,-246.0,53.15813953488374,-0.020558484401319986,58.21552669760845,4.384473302391548,57.542612837275286
1970.0,11.0,52.4,-245.0,53.15813953488374,-0.020558484401319986,58.19496821320713,-5.7949682132071345,47.3631713216766
1970.0,12.0,50.9,-244.0,53.15813953488374,-0.020558484401319986,58.17440972880581,-7.274409728805814,45.88372980607792
1971.0,1.0,46.8,-243.0,53.15813953488374,-0.020558484401319986,58.15385124440449,-11.353851244404495,41.80428829047924
1971.0,2.0,45.1,-242.0,53.15813953488374,-0.020558484401319986,58.13329276000317,-13.033292760003171,40.12484677488057
1971.0,3.0,50.0,-241.0,53.15813953488374,-0.020558484401319986,58.11273427560185,-8.112734275601852,45.045405259281885
1971.0,4.0,60.6,-240.0,53.15813953488374,-0.020558484401319986,58.09217579120053,2.5078242087994695,55.66596374368321
1971.0,5.0,60.4,-239.0,53.15813953488374,-0.020558484401319986,58.07161730679921,2.328382693200787,55.486522228084524
1971.0,6.0,63.4,-238.0,53.15813953488374,-0.020558484401319986,58.05105882239789,5.348941177602107,58.507080712485845
1971.0,7.0,62.3,-237.0,53.15813953488374,-0.020558484401319986,58.03050033799657,4.269499662003426,57.427639196887164
1971.0,8.0,69.3,-236.0,53.15813953488374,-0.020558484401319986,58.00994185359525,11.290058146404746,64.44819768128849
1971.0,9.0,65.5,-235.0,53.15813953488374,-0.020558484401319986,57.98938336919393,7.510616630806069,60.66875616568981
1971.0,10.0,66.4,-234.0,53.15813953488374,-0.020558484401319986,57.96882488479261,8.431175115207395,61.58931465009113
1971.0,11.0,63.7,-233.0,53.15813953488374,-0.020558484401319986,57.9482664003913,5.751733599608706,58.90987313449244
1971.0,12.0,73.6,-232.0,53.15813953488374,-0.020558484401319986,57.92770791598998,15.672292084010017,68.83043161889375
1972.0,1.0,67.6,-231.0,53.15813953488374,-0.020558484401319986,57.90714943158866,9.692850568411338,62.850990103295075
1972.0,2.0,61.2,-230.0,53.15813953488374,-0.020558484401319986,57.88659094718734,3.3134090528126663,56.471548587696404
1972.0,3.0,61.4,-229.0,53.15813953488374,-0.020558484401319986,57.866032462786016,3.5339675372139823,56.69210707209772
1972.0,4.0,64.9,-228.0,53.15813953488374,-0.020558484401319986,57.845473978384696,7.05452602161531,60.21266555649905
1972.0,5.0,61.8,-227.0,53.15813953488374,-0.020558484401319986,57.824915493983376,3.9750845060166213,57.13322404090036
1972.0,6.0,73.5,-226.0,53.15813953488374,-0.020558484401319986,57.804357009582056,15.695642990417944,68.85378252530168
1972.0,7.0,71.5,-225.0,53.15813953488374,-0.020558484401319986,57.783798525180735,13.716201474819265,66.874341009703
1972.0,8.0,81.4,-224.0,53.15813953488374,-0.020558484401319986,57.763240040779415,23.63675995922059,76.79489949410433
1972.0,9.0,73.4,-223.0,53.15813953488374,-0.020558484401319986,57.742681556378095,15.65731844362191,68.81545797850565
1972.0,10.0,82.2,-222.0,53.15813953488374,-0.020558484401319986,57.722123071976775,24.47787692802323,77.63601646290697
1972.0,11.0,64.0,-221.0,53.15813953488374,-0.020558484401319986,57.701564587575454,6.298435412424546,59.45657494730828
1972.0,12.0,85.7,-220.0,53.15813953488374,-0.020558484401319986,57.681006103174134,28.01899389682587,81.1771334317096
1973.0,1.0,72.2,-219.0,53.15813953488374,-0.020558484401319986,57.660447618772814,14.539552381227189,67.69769191611093
1973.0,2.0,66.2,-218.0,53.15813953488374,-0.020558484401319986,57.639889134371494,8.56011086562851,61.71825040051225
1973.0,3.0,71.2,-217.0,53.15813953488374,-0.020558484401319986,57.61933064997017,13.58066935002983,66.73880888491357
1973.0,4.0,79.0,-216.0,53.15813953488374,-0.020558484401319986,57.59877216556885,21.401227834431147,74.55936736931488
1973.0,5.0,82.8,-215.0,53.15813953488374,-0.020558484401319986,57.57821368116753,25.221786318832464,78.3799258537162
1973.0,6.0,87.1,-214.0,53.15813953488374,-0.020558484401319986,57.55765519676621,29.54234480323378,82.70048433811752
1973.0,7.0,74.9,-213.0,53.15813953488374,-0.020558484401319986,57.53709671236489,17.362903287635113,70.52104282251885
1973.0,8.0,85.3,-212.0,53.15813953488374,-0.020558484401319986,57.51653822796357,27.783461772036425,80.94160130692016
1973.0,9.0,75.1,-211.0,53.15813953488374,-0.020558484401319986,57.49597974356225,17.604020256437742,70.76215979132148
1973.0,10.0,75.3,-210.0,53.15813953488374,-0.020558484401319986,57.47542125916093,17.824578740839065,70.9827182757228
1973.0,11.0,67.3,-209.0,53.15813953488374,-0.020558484401319986,57.45486277475962,9.845137225240379,63.003276760124116
1973.0,12.0,69.8,-208.0,53.15813953488374,-0.020558484401319986,57.4343042903583,12.365695709641699,65.52383524452543
1974.0,1.0,65.8,-207.0,53.15813953488374,-0.020558484401319986,57.41374580595698,8.386254194043019,61.54439372892676
1974.0,2.0,59.9,-206.0,53.15813953488374,-0.020558484401319986,57.39318732155566,2.5068126784443407,55.66495221332808
1974.0,3.0,64.1,-205.0,53.15813953488374,-0.020558484401319986,57.37262883715434,6.727371162845657,59.885510697729394
1974.0,4.0,61.8,-204.0,53.15813953488374,-0.020558484401319986,57.35207035275302,4.44792964724698,57.60606918213072
1974.0,5.0,60.3,-203.0,53.15813953488374,-0.020558484401319986,57.3315118683517,2.9684881316483,56.12662766653204
1974.0,6.0,69.4,-202.0,53.15813953488374,-0.020558484401319986,57.31095338395038,12.089046616049629,65.24718615093337
1974.0,7.0,66.0,-201.0,53.15813953488374,-0.020558484401319986,57.29039489954906,8.709605100450943,61.86774463533468
1974.0,8.0,60.0,-200.0,53.15813953488374,-0.020558484401319986,57.269836415147736,2.7301635848522636,55.888303119736
1974.0,9.0,68.7,-199.0,53.15813953488374,-0.020558484401319986,57.249277930746416,11.450722069253587,64.60886160413733
1974.0,10.0,65.0,-198.0,53.15813953488374,-0.020558484401319986,57.228719446345096,7.771280553654904,60.92942008853864
1974.0,11.0,56.0,-197.0,53.15813953488374,-0.020558484401319986,57.208160961943776,-1.2081609619437756,51.94997857293996
1974.0,12.0,59.0,-196.0,53.15813953488374,-0.020558484401319986,57.187602477542455,1.8123975224575446,54.97053705734128
1975.0,1.0,50.3,-195.0,53.15813953488374,-0.020558484401319986,57.167043993141135,-6.867043993141138,46.2910955417426
1975.0,2.0,39.7,-194.0,53.15813953488374,-0.020558484401319986,57.146485508739815,-17.446485508739812,35.711654026143925
1975.0,3.0,44.1,-193.0,53.15813953488374,-0.020558484401319986,57.125927024338495,-13.025927024338493,40.132212510545244
1975.0,4.0,38.8,-192.0,53.15813953488374,-0.020558484401319986,57.105368539937174,-18.305368539937177,34.85277099494656
1975.0,5.0,42.1,-191.0,53.15813953488374,-0.020558484401319986,57.084810055535854,-14.984810055535853,38.173329479347885
1975.0,6.0,49.0,-190.0,53.15813953488374,-0.020558484401319986,57.064251571134534,-8.064251571134534,45.093887963749204
1975.0,7.0,47.4,-189.0,53.15813953488374,-0.020558484401319986,57.043693086733214,-9.643693086733215,43.51444644815052
1975.0,8.0,47.0,-188.0,53.15813953488374,-0.020558484401319986,57.02313460233189,-10.023134602331893,43.135004932551844
1975.0,9.0,39.1,-187.0,53.15813953488374,-0.020558484401319986,57.00257611793057,-17.902576117930572,35.255563416953166
1975.0,10.0,40.5,-186.0,53.15813953488374,-0.020558484401319986,56.98201763352925,-16.482017633529253,36.676121901354485
1975.0,11.0,45.3,-185.0,53.15813953488374,-0.020558484401319986,56.96145914912793,-11.661459149127936,41.4966803857558
1975.0,12.0,48.0,-184.0,53.15813953488374,-0.020558484401319986,56.94090066472661,-8.940900664726612,44.217238870157125
1976.0,1.0,36.5,-183.0,53.15813953488374,-0.020558484401319986,56.92034218032529,-20.420342180325292,32.737797354558445
1976.0,2.0,36.6,-182.0,53.15813953488374,-0.020558484401319986,56.89978369592397,-20.29978369592397,32.85835583895977
1976.0,3.0,38.6,-181.0,53.15813953488374,-0.020558484401319986,56.87922521152265,-18.27922521152265,34.87891432336109
1976.0,4.0,38.0,-180.0,53.15813953488374,-0.020558484401319986,56.85866672712133,-18.85866672712133,34.299472807762406
1976.0,5.0,40.5,-179.0,53.15813953488374,-0.020558484401319986,56.83810824272002,-16.33810824272002,36.82003129216372
1976.0,6.0,45.4,-178.0,53.15813953488374,-0.020558484401319986,56.8175497583187,-11.4175497583187,41.74058977656504
1976.0,7.0,43.3,-177.0,53.15813953488374,-0.020558484401319986,56.79699127391738,-13.49699127391738,39.66114826096636
1976.0,8.0,43.2,-176.0,53.15813953488374,-0.020558484401319986,56.77643278951606,-13.576432789516055,39.58170674536768
1976.0,9.0,46.3,-175.0,53.15813953488374,-0.020558484401319986,56.75587430511474,-10.45587430511474,42.702265229769
1976.0,10.0,48.0,-174.0,53.15813953488374,-0.020558484401319986,56.73531582071342,-8.735315820713417,44.42282371417032
1976.0,11.0,48.4,-173.0,53.15813953488374,-0.020558484401319986,56.7147573363121,-8.314757336312098,44.84338219857164
1976.0,12.0,48.5,-172.0,53.15813953488374,-0.020558484401319986,56.69419885191078,-8.194198851910777,44.96394068297296
1977.0,1.0,37.7,-171.0,53.15813953488374,-0.020558484401319986,56.673640367509456,-18.973640367509454,34.184499167374284
1977.0,2.0,45.5,-170.0,53.15813953488374,-0.020558484401319986,56.653081883108136,-11.153081883108136,42.0050576517756
1977.0,3.0,50.5,-169.0,53.15813953488374,-0.020558484401319986,56.632523398706816,-6.132523398706816,47.02561613617692
1977.0,4.0,43.8,-168.0,53.15813953488374,-0.020558484401319986,56.611964914305496,-12.811964914305499,40.34617462057824
1977.0,5.0,46.5,-167.0,53.15813953488374,-0.020558484401319986,56.591406429904175,-10.091406429904175,43.06673310497956
1977.0,6.0,55.0,-166.0,53.15813953488374,-0.020558484401319986,56.570847945502855,-1.5708479455028552,51.58729158938088
1977.0,7.0,54.6,-165.0,53.15813953488374,-0.020558484401319986,56.550289461101535,-1.9502894611015336,51.207850073782204
1977.0,8.0,58.6,-164.0,53.15813953488374,-0.020558484401319986,56.529730976700215,2.0702690232997867,55.228408558183524
1977.0,9.0,61.3,-163.0,53.15813953488374,-0.020558484401319986,56.509172492298894,4.790827507701103,57.94896704258484
1977.0,10.0,59.6,-162.0,53.15813953488374,-0.020558484401319986,56.488614007897574,3.111385992102427,56.269525526986165
1977.0,11.0,62.0,-161.0,53.15813953488374,-0.020558484401319986,56.468055523496254,5.531944476503746,58.69008401138748
1977.0,12.0,61.2,-160.0,53.15813953488374,-0.020558484401319986,56.447497039094934,4.752502960905069,57.91064249578881
1978.0,1.0,48.0,-159.0,53.15813953488374,-0.020558484401319986,56.42693855469361,-8.426938554693614,44.731200980190124
1978.0,2.0,48.3,-158.0,53.15813953488374,-0.020558484401319986,56.40638007029229,-8.106380070292296,45.05175946459144
1978.0,3.0,55.3,-157.0,53.15813953488374,-0.020558484401319986,56.38582158589097,-1.0858215858909759,52.07231794899276
1978.0,4.0,59.0,-156.0,53.15813953488374,-0.020558484401319986,56.36526310148965,2.634736898510347,55.792876433394085
1978.0,5.0,64.4,-155.0,53.15813953488374,-0.020558484401319986,56.34470461708833,8.055295382911673,61.21343491779541
1978.0,6.0,64.0,-154.0,53.15813953488374,-0.020558484401319986,56.32414613268701,7.675853867312988,60.833993402196725
1978.0,7.0,65.4,-153.0,53.15813953488374,-0.020558484401319986,56.3035876482857,9.096412351714307,62.254551886598044
1978.0,8.0,70.4,-152.0,53.15813953488374,-0.020558484401319986,56.28302916388438,14.116970836115627,67.27511037099936
1978.0,9.0,74.5,-151.0,53.15813953488374,-0.020558484401319986,56.26247067948306,18.23752932051694,71.39566885540069
1978.0,10.0,75.0,-150.0,53.15813953488374,-0.020558484401319986,56.24191219508174,18.75808780491826,71.91622733980199
1978.0,11.0,61.5,-149.0,53.15813953488374,-0.020558484401319986,56.22135371068042,5.278646289319582,58.43678582420332
1978.0,12.0,66.3,-148.0,53.15813953488374,-0.020558484401319986,56.2007952262791,10.0992047737209,63.25734430860464
1979.0,1.0,55.5,-147.0,53.15813953488374,-0.020558484401319986,56.18023674187778,-0.6802367418777777,52.47790279300596
1979.0,2.0,55.2,-146.0,53.15813953488374,-0.020558484401319986,56.15967825747646,-0.9596782574764546,52.19846127740728
1979.0,3.0,62.6,-145.0,53.15813953488374,-0.020558484401319986,56.13911977307514,6.460880226924864,59.6190197618086
1979.0,4.0,61.3,-144.0,53.15813953488374,-0.020558484401319986,56.11856128867382,5.18143871132618,58.33957824620992
1979.0,5.0,61.7,-143.0,53.15813953488374,-0.020558484401319986,56.0980028042725,5.601997195727506,58.760136730611244
1979.0,6.0,64.9,-142.0,53.15813953488374,-0.020558484401319986,56.07744431987118,8.82255568012883,61.98069521501257
1979.0,7.0,62.0,-141.0,53.15813953488374,-0.020558484401319986,56.056885835469856,5.943114164530144,59.10125369941388
1979.0,8.0,67.5,-140.0,53.15813953488374,-0.020558484401319986,56.036327351068536,11.463672648931464,64.6218121838152
1979.0,9.0,70.1,-139.0,53.15813953488374,-0.020558484401319986,56.015768866667216,14.084231133332779,67.24237066821652
1979.0,10.0,68.7,-138.0,53.15813953488374,-0.020558484401319986,55.995210382265896,12.704789617734107,65.86292915261785
1979.0,11.0,61.9,-137.0,53.15813953488374,-0.020558484401319986,55.974651897864575,5.925348102135423,59.08348763701916
1979.0,12.0,70.4,-136.0,53.15813953488374,-0.020558484401319986,55.954093413463255,14.44590658653675,67.60404612142048
1980.0,1.0,54.7,-135.0,53.15813953488374,-0.020558484401319986,55.933534929061935,-1.233534929061932,51.924604605821806
1980.0,2.0,61.1,-134.0,53.15813953488374,-0.020558484401319986,55.912976444660615,5.187023555339387,58.345163090223124
1980.0,3.0,59.8,-133.0,53.15813953488374,-0.020558484401319986,55.892417960259294,3.907582039740703,57.06572157462444
1980.0,4.0,61.6,-132.0,53.15813953488374,-0.020558484401319986,55.871859475857974,5.728140524142027,58.886280059025765
1980.0,5.0,56.7,-131.0,53.15813953488374,-0.020558484401319986,55.851300991456654,0.848699008543349,54.00683854342709
1980.0,6.0,61.5,-130.0,53.15813953488374,-0.020558484401319986,55.830742507055334,5.669257492944666,58.827397027828404
1980.0,7.0,58.5,-129.0,53.15813953488374,-0.020558484401319986,55.81018402265401,2.6898159773459867,55.847955512229724
1980.0,8.0,57.5,-128.0,53.15813953488374,-0.020558484401319986,55.78962553825269,1.710374461747307,54.868513996631044
1980.0,9.0,53.2,-127.0,53.15813953488374,-0.020558484401319986,55.76906705385137,-2.56906705385137,50.58907248103237
1980.0,10.0,53.2,-126.0,53.15813953488374,-0.020558484401319986,55.74850856945005,-2.5485085694500498,50.60963096543369
1980.0,11.0,53.1,-125.0,53.15813953488374,-0.020558484401319986,55.72795008504873,-2.627950085048731,50.53018944983501
1980.0,12.0,65.1,-124.0,53.15813953488374,-0.020558484401319986,55.70739160064741,9.392608399352582,62.55074793423632
1981.0,1.0,44.2,-123.0,53.15813953488374,-0.020558484401319986,55.6868331162461,-11.486833116246096,41.67130641863764
1981.0,2.0,45.2,-122.0,53.15813953488374,-0.020558484401319986,55.66627463184478,-10.466274631844776,42.69186490303896
1981.0,3.0,51.7,-121.0,53.15813953488374,-0.020558484401319986,55.64571614744346,-3.9457161474434557,49.21242338744028
1981.0,4.0,52.1,-120.0,53.15813953488374,-0.020558484401319986,55.62515766304214,-3.525157663042137,49.6329818718416
1981.0,5.0,48.9,-119.0,53.15813953488374,-0.020558484401319986,55.60459917864082,-6.7045991786408194,46.45354035624292
1981.0,6.0,56.1,-118.0,53.15813953488374,-0.020558484401319986,55.5840406942395,0.5159593057605036,53.67409884064424
1981.0,7.0,56.0,-117.0,53.15813953488374,-0.020558484401319986,55.56348220983818,0.43651779016182246,53.59465732504556
1981.0,8.0,51.4,-116.0,53.15813953488374,-0.020558484401319986,55.54292372543686,-4.142923725436859,49.01521580944688
1981.0,9.0,56.9,-115.0,53.15813953488374,-0.020558484401319986,55.52236524103554,1.3776347589644615,54.5357742938482
1981.0,10.0,59.0,-114.0,53.15813953488374,-0.020558484401319986,55.50180675663422,3.498193243365783,56.65633277824952
1981.0,11.0,50.2,-113.0,53.15813953488374,-0.020558484401319986,55.4812482722329,-5.281248272232894,47.876891262650844
1981.0,12.0,54.6,-112.0,53.15813953488374,-0.020558484401319986,55.460689787831576,-0.8606897878315749,52.29744974705216
1982.0,1.0,38.1,-111.0,53.15813953488374,-0.020558484401319986,55.440131303430256,-17.340131303430255,35.81800823145348
1982.0,2.0,33.4,-110.0,53.15813953488374,-0.020558484401319986,55.419572819028936,-22.019572819028937,31.1385667158548
1982.0,3.0,41.2,-109.0,53.15813953488374,-0.020558484401319986,55.399014334627616,-14.199014334627613,38.959125200256125
1982.0,4.0,40.9,-108.0,53.15813953488374,-0.020558484401319986,55.378455850226295,-14.478455850226297,38.67968368465744
1982.0,5.0,48.2,-107.0,53.15813953488374,-0.020558484401319986,55.357897365824975,-7.157897365824972,46.000242169058765
1982.0,6.0,45.8,-106.0,53.15813953488374,-0.020558484401319986,55.337338881423655,-9.537338881423658,43.62080065346008
1982.0,7.0,42.5,-105.0,53.15813953488374,-0.020558484401319986,55.316780397022335,-12.816780397022335,40.3413591378614
1982.0,8.0,50.0,-104.0,53.15813953488374,-0.020558484401319986,55.296221912621014,-5.296221912621014,47.86191762226272
1982.0,9.0,44.6,-103.0,53.15813953488374,-0.020558484401319986,55.275663428219694,-10.675663428219693,42.482476106664045
1982.0,10.0,50.0,-102.0,53.15813953488374,-0.020558484401319986,55.255104943818374,-5.255104943818374,47.903034591065364
1982.0,11.0,47.7,-101.0,53.15813953488374,-0.020558484401319986,55.234546459417054,-7.534546459417051,45.62359307546669
1982.0,12.0,56.3,-100.0,53.15813953488374,-0.020558484401319986,55.21398797501573,1.0860120249842637,54.244151559868
1983.0,1.0,43.6,-99.0,53.15813953488374,-0.020558484401319986,55.19342949061441,-11.593429490614412,41.564710044269326
1983.0,2.0,41.6,-98.0,53.15813953488374,-0.020558484401319986,55.17287100621309,-13.572871006213092,39.585268528670646
1983.0,3.0,49.4,-97.0,53.15813953488374,-0.020558484401319986,55.15231252181178,-5.752312521811781,47.405827013071956
1983.0,4.0,50.9,-96.0,53.15813953488374,-0.020558484401319986,55.13175403741046,-4.231754037410461,48.92638549747328
1983.0,5.0,60.2,-95.0,53.15813953488374,-0.020558484401319986,55.11119555300914,5.0888044469908635,58.2469439818746
1983.0,6.0,65.3,-94.0,53.15813953488374,-0.020558484401319986,55.09063706860782,10.209362931392178,63.367502466275916
1983.0,7.0,64.1,-93.0,53.15813953488374,-0.020558484401319986,55.0700785842065,9.029921415793495,62.18806095067723
1983.0,8.0,85.1,-92.0,53.15813953488374,-0.020558484401319986,55.04952009980518,30.050479900194816,83.20861943507856
1983.0,9.0,68.9,-91.0,53.15813953488374,-0.020558484401319986,55.02896161540386,13.871038384596147,67.02917791947988
1983.0,10.0,81.8,-90.0,53.15813953488374,-0.020558484401319986,55.00840313100254,26.79159686899746,79.94973640388119
1983.0,11.0,63.5,-89.0,53.15813953488374,-0.020558484401319986,54.98784464660122,8.512155353398782,61.67029488828252
1983.0,12.0,71.5,-88.0,53.15813953488374,-0.020558484401319986,54.9672861621999,16.532713837800102,69.69085337268385
1984.0,1.0,60.4,-87.0,53.15813953488374,-0.020558484401319986,54.94672767779858,5.453272322201421,58.61141185708516
1984.0,2.0,59.1,-86.0,53.15813953488374,-0.020558484401319986,54.92616919339726,4.173830806602744,57.33197034148648
1984.0,3.0,67.8,-85.0,53.15813953488374,-0.020558484401319986,54.90561070899594,12.89438929100406,66.0525288258878
1984.0,4.0,68.0,-84.0,53.15813953488374,-0.020558484401319986,54.88505222459462,13.114947775405383,66.27308731028913
1984.0,5.0,75.5,-83.0,53.15813953488374,-0.020558484401319986,54.864493740193296,20.635506259806704,73.79364579469043
1984.0,6.0,84.8,-82.0,53.15813953488374,-0.020558484401319986,54.843935255791976,29.95606474420802,83.11420427909175
1984.0,7.0,77.2,-81.0,53.15813953488374,-0.020558484401319986,54.823376771390656,22.376623228609347,75.53476276349309
1984.0,8.0,75.2,-80.0,53.15813953488374,-0.020558484401319986,54.802818286989336,20.397181713010667,73.5553212478944
1984.0,9.0,75.8,-79.0,53.15813953488374,-0.020558484401319986,54.782259802588015,21.01774019741198,74.17587973229573
1984.0,10.0,81.3,-78.0,53.15813953488374,-0.020558484401319986,54.761701318186695,26.538298681813302,79.69643821669703
1984.0,11.0,66.0,-77.0,53.15813953488374,-0.020558484401319986,54.741142833785375,11.258857166214625,64.41699670109836
1984.0,12.0,75.5,-76.0,53.15813953488374,-0.020558484401319986,54.720584349384055,20.779415650615945,73.93755518549969
1985.0,1.0,59.3,-75.0,53.15813953488374,-0.020558484401319986,54.700025864982734,4.599974135017263,57.758113669901
1985.0,2.0,63.9,-74.0,53.15813953488374,-0.020558484401319986,54.679467380581414,9.220532619418584,62.37867215430232
1985.0,3.0,60.8,-73.0,53.15813953488374,-0.020558484401319986,54.658908896180094,6.141091103819903,59.29923063870364
1985.0,4.0,61.0,-72.0,53.15813953488374,-0.020558484401319986,54.638350411778774,6.361649588221226,59.519789123104964
1985.0,5.0,64.1,-71.0,53.15813953488374,-0.020558484401319986,54.61779192737745,9.48220807262254,62.64034760750628
1985.0,6.0,82.9,-70.0,53.15813953488374,-0.020558484401319986,54.59723344297613,28.302766557023872,81.46090609190762
1985.0,7.0,70.3,-69.0,53.15813953488374,-0.020558484401319986,54.57667495857481,15.723325041425184,68.88146457630893
1985.0,8.0,74.7,-68.0,53.15813953488374,-0.020558484401319986,54.5561164741735,20.143883525826503,73.30202306071024
1985.0,9.0,73.5,-67.0,53.15813953488374,-0.020558484401319986,54.53555798977218,18.96444201022782,72.12258154511156
1985.0,10.0,61.4,-66.0,53.15813953488374,-0.020558484401319986,54.51499950537086,6.885000494629139,60.04314002951288
1985.0,11.0,64.6,-65.0,53.15813953488374,-0.020558484401319986,54.49444102096954,10.105558979030455,63.26369851391419
1985.0,12.0,75.9,-64.0,53.15813953488374,-0.020558484401319986,54.47388253656822,21.426117463431787,74.58425699831552
1986.0,1.0,56.3,-63.0,53.15813953488374,-0.020558484401319986,54.4533240521669,1.8466759478330985,55.004815482716836
1986.0,2.0,50.9,-62.0,53.15813953488374,-0.020558484401319986,54.43276556776558,-3.53276556776558,49.62537396711816
1986.0,3.0,60.2,-61.0,53.15813953488374,-0.020558484401319986,54.41220708336426,5.787792916635745,58.94593245151948
1986.0,4.0,62.3,-60.0,53.15813953488374,-0.020558484401319986,54.39164859896294,7.908351401037059,61.0664909359208
1986.0,5.0,74.3,-59.0,53.15813953488374,-0.020558484401319986,54.37109011456162,19.92890988543838,73.08704942032212
1986.0,6.0,66.3,-58.0,53.15813953488374,-0.020558484401319986,54.3505316301603,11.9494683698397,65.10760790472344
1986.0,7.0,66.0,-57.0,53.15813953488374,-0.020558484401319986,54.32997314575898,11.670026854241023,64.82816638912476
1986.0,8.0,66.0,-56.0,53.15813953488374,-0.020558484401319986,54.30941466135766,11.690585338642343,64.84872487352608
1986.0,9.0,64.1,-55.0,53.15813953488374,-0.020558484401319986,54.28885617695634,9.811143823043658,62.969283357927395
1986.0,10.0,67.9,-54.0,53.15813953488374,-0.020558484401319986,54.26829769255502,13.63170230744499,66.78984184232873
1986.0,11.0,57.9,-53.0,53.15813953488374,-0.020558484401319986,54.247739208153696,3.6522607918463024,56.81040032673004
1986.0,12.0,71.6,-52.0,53.15813953488374,-0.020558484401319986,54.227180723752376,17.37281927624762,70.53095881113136
1987.0,1.0,56.1,-51.0,53.15813953488374,-0.020558484401319986,54.206622239351056,1.8933777606489457,55.05151729553268
1987.0,2.0,47.4,-50.0,53.15813953488374,-0.020558484401319986,54.186063754949735,-6.786063754949737,46.372075779934
1987.0,3.0,48.9,-49.0,53.15813953488374,-0.020558484401319986,54.165505270548415,-5.265505270548417,47.89263426433532
1987.0,4.0,53.8,-48.0,53.15813953488374,-0.020558484401319986,54.144946786147095,-0.34494678614709784,52.81319274873664
1987.0,5.0,55.6,-47.0,53.15813953488374,-0.020558484401319986,54.124388301745775,1.4756116982542267,54.633751233137964
1987.0,6.0,59.8,-46.0,53.15813953488374,-0.020558484401319986,54.103829817344455,5.696170182655543,58.85430971753928
1987.0,7.0,59.6,-45.0,53.15813953488374,-0.020558484401319986,54.083271332943134,5.516728667056867,58.674868201940605
1987.0,8.0,58.2,-44.0,53.15813953488374,-0.020558484401319986,54.062712848541814,4.137287151458189,57.295426686341926
1987.0,9.0,58.2,-43.0,53.15813953488374,-0.020558484401319986,54.042154364140494,4.157845635859509,57.31598517074325
1987.0,10.0,55.6,-42.0,53.15813953488374,-0.020558484401319986,54.02159587973917,1.5784041202608279,54.736543655144565
1987.0,11.0,49.3,-41.0,53.15813953488374,-0.020558484401319986,54.00103739533786,-4.701037395337863,48.457102139545874
1987.0,12.0,57.9,-40.0,53.15813953488374,-0.020558484401319986,53.98047891093654,3.9195210890634584,57.077660623947196
1988.0,1.0,44.2,-39.0,53.15813953488374,-0.020558484401319986,53.95992042653522,-9.759920426535217,43.39821910834852
1988.0,2.0,44.6,-38.0,53.15813953488374,-0.020558484401319986,53.9393619421339,-9.339361942133898,43.81877759274984
1988.0,3.0,50.8,-37.0,53.15813953488374,-0.020558484401319986,53.91880345773258,-3.1188034577325823,50.039336077151155
1988.0,4.0,48.3,-36.0,53.15813953488374,-0.020558484401319986,53.89824497333126,-5.598244973331262,47.559894561552476
1988.0,5.0,45.0,-35.0,53.15813953488374,-0.020558484401319986,53.87768648892994,-8.877686488929939,44.2804530459538
1988.0,6.0,50.8,-34.0,53.15813953488374,-0.020558484401319986,53.85712800452862,-3.0571280045286215,50.101011530355116
1988.0,7.0,54.8,-33.0,53.15813953488374,-0.020558484401319986,53.8365695201273,0.9634304798726987,54.121570014756436
1988.0,8.0,53.8,-32.0,53.15813953488374,-0.020558484401319986,53.81601103572598,-0.01601103572598106,53.14212849915776
1988.0,9.0,51.1,-31.0,53.15813953488374,-0.020558484401319986,53.79545255132466,-2.6954525513246566,50.46268698355908
1988.0,10.0,50.5,-30.0,53.15813953488374,-0.020558484401319986,53.77489406692334,-3.2748940669233377,49.8832454679604
1988.0,11.0,48.0,-29.0,53.15813953488374,-0.020558484401319986,53.75433558252202,-5.7543355825220175,47.40380395236172
1988.0,12.0,52.8,-28.0,53.15813953488374,-0.020558484401319986,53.7337770981207,-0.9337770981207001,52.22436243676304
1989.0,1.0,46.2,-27.0,53.15813953488374,-0.020558484401319986,53.71321861371938,-7.513218613719374,45.64492092116436
1989.0,2.0,39.0,-26.0,53.15813953488374,-0.020558484401319986,53.69266012931806,-14.692660129318057,38.46547940556568
1989.0,3.0,43.1,-25.0,53.15813953488374,-0.020558484401319986,53.67210164491674,-10.572101644916735,42.586037889967
1989.0,4.0,46.0,-24.0,53.15813953488374,-0.020558484401319986,53.651543160515416,-7.651543160515416,45.50659637436832
1989.0,5.0,46.6,-23.0,53.15813953488374,-0.020558484401319986,53.630984676114096,-7.030984676114095,46.12715485876964
1989.0,6.0,47.8,-22.0,53.15813953488374,-0.020558484401319986,53.610426191712776,-5.810426191712779,47.34771334317096
1989.0,7.0,45.2,-21.0,53.15813953488374,-0.020558484401319986,53.589867707311456,-8.389867707311453,44.768271827572285
1989.0,8.0,51.9,-20.0,53.15813953488374,-0.020558484401319986,53.569309222910135,-1.6693092229101367,51.4888303119736
1989.0,9.0,47.4,-19.0,53.15813953488374,-0.020558484401319986,53.548750738508815,-6.1487507385088165,47.00938879637492
1989.0,10.0,46.9,-18.0,53.15813953488374,-0.020558484401319986,53.528192254107495,-6.628192254107496,46.52994728077624
1989.0,11.0,45.9,-17.0,53.15813953488374,-0.020558484401319986,53.507633769706175,-7.607633769706176,45.55050576517756
1989.0,12.0,43.3,-16.0,53.15813953488374,-0.020558484401319986,53.487075285304854,-10.187075285304857,42.97106424957888
1990.0,1.0,38.2,-15.0,53.15813953488374,-0.020558484401319986,53.466516800903534,-15.266516800903531,37.891622733980206
1990.0,2.0,34.6,-14.0,53.15813953488374,-0.020558484401319986,53.445958316502214,-18.845958316502212,34.312181218381525
1990.0,3.0,47.4,-13.0,53.15813953488374,-0.020558484401319986,53.4253998321009,-6.025399832100902,47.132739702782835
1990.0,4.0,38.6,-12.0,53.15813953488374,-0.020558484401319986,53.40484134769958,-14.804841347699579,38.35329818718416
1990.0,5.0,41.8,-11.0,53.15813953488374,-0.020558484401319986,53.38428286329826,-11.584282863298263,41.573856671585474
1990.0,6.0,45.9,-10.0,53.15813953488374,-0.020558484401319986,53.36372437889694,-7.463724378896941,45.694415155986796
1990.0,7.0,42.5,-9.0,53.15813953488374,-0.020558484401319986,53.34316589449562,-10.84316589449562,42.31497364038812
1990.0,8.0,51.1,-8.0,53.15813953488374,-0.020558484401319986,53.3226074100943,-2.222607410094298,50.93553212478944
1990.0,9.0,48.5,-7.0,53.15813953488374,-0.020558484401319986,53.30204892569298,-4.802048925692979,48.35609060919076
1990.0,10.0,42.6,-6.0,53.15813953488374,-0.020558484401319986,53.28149044129166,-10.681490441291658,42.47664909359208
1990.0,11.0,39.3,-5.0,53.15813953488374,-0.020558484401319986,53.26093195689034,-13.960931956890342,39.197207577993396
1990.0,12.0,40.1,-4.0,53.15813953488374,-0.020558484401319986,53.24037347248902,-13.140373472489017,40.01776606239472
1991.0,1.0,30.4,-3.0,53.15813953488374,-0.020558484401319986,53.2198149880877,-22.8198149880877,30.338324546796038
1991.0,2.0,31.0,-2.0,53.15813953488374,-0.020558484401319986,53.19925650368638,-22.199256503686378,30.95888303119736
1991.0,3.0,36.0,-1.0,53.15813953488374,-0.020558484401319986,53.17869801928506,-17.178698019285058,35.97944151559868
1991.0,4.0,35.2,0.0,53.15813953488374,-0.020558484401319986,53.15813953488374,-17.958139534883735,35.2
1991.0,5.0,32.5,1.0,53.15813953488374,-0.020558484401319986,53.13758105048242,-20.637581050482417,32.52055848440132
1991.0,6.0,43.6,2.0,53.15813953488374,-0.020558484401319986,53.1170225660811,-9.517022566081096,43.64111696880264
1991.0,7.0,36.7,3.0,53.15813953488374,-0.020558484401319986,53.09646408167978,-16.396464081679774,36.761675453203964
1991.0,8.0,40.6,4.0,53.15813953488374,-0.020558484401319986,53.07590559727846,-12.475905597278455,40.68223393760528
1991.0,9.0,41.3,5.0,53.15813953488374,-0.020558484401319986,53.055347112877136,-11.75534711287714,41.4027924220066
1991.0,10.0,39.3,6.0,53.15813953488374,-0.020558484401319986,53.034788628475816,-13.734788628475819,39.42335090640792
1991.0,11.0,31.9,7.0,53.15813953488374,-0.020558484401319986,53.014230144074496,-21.114230144074497,32.04390939080924
1991.0,12.0,40.4,8.0,53.15813953488374,-0.020558484401319986,52.993671659673176,-12.593671659673177,40.56446787521056
1992.0,1.0,27.7,9.0,53.15813953488374,-0.020558484401319986,52.973113175271855,-25.273113175271856,27.88502635961188
1992.0,2.0,33.3,10.0,53.15813953488374,-0.020558484401319986,52.952554690870535,-19.652554690870538,33.5055848440132
1992.0,3.0,35.7,11.0,53.15813953488374,-0.020558484401319986,52.931996206469215,-17.231996206469212,35.926143328414526
1992.0,4.0,33.1,12.0,53.15813953488374,-0.020558484401319986,52.911437722067895,-19.811437722067893,33.346701812815844
1992.0,5.0,37.5,13.0,53.15813953488374,-0.020558484401319986,52.890879237666574,-15.390879237666574,37.76726029721716
1992.0,6.0,43.8,14.0,53.15813953488374,-0.020558484401319986,52.87032075326526,-9.070320753265264,44.08781878161847
1992.0,7.0,42.5,15.0,53.15813953488374,-0.020558484401319986,52.84976226886394,-10.349762268863941,42.8083772660198
1992.0,8.0,44.1,16.0,53.15813953488374,-0.020558484401319986,52.82920378446262,-8.72920378446262,44.42893575042112
1992.0,9.0,40.7,17.0,53.15813953488374,-0.020558484401319986,52.8086453000613,-12.108645300061298,41.04949423482244
1992.0,10.0,43.2,18.0,53.15813953488374,-0.020558484401319986,52.78808681565998,-9.588086815659977,43.57005271922376
1992.0,11.0,36.5,19.0,53.15813953488374,-0.020558484401319986,52.76752833125866,-16.26752833125866,36.89061120362508
1992.0,12.0,44.2,20.0,53.15813953488374,-0.020558484401319986,52.74696984685734,-8.546969846857337,44.6111696880264
1993.0,1.0,35.4,21.0,53.15813953488374,-0.020558484401319986,52.72641136245602,-17.32641136245602,35.83172817242772
1993.0,2.0,34.4,22.0,53.15813953488374,-0.020558484401319986,52.7058528780547,-18.3058528780547,34.85228665682904
1993.0,3.0,39.7,23.0,53.15813953488374,-0.020558484401319986,52.68529439365338,-12.985294393653376,40.17284514123036
1993.0,4.0,36.3,24.0,53.15813953488374,-0.020558484401319986,52.66473590925206,-16.36473590925206,36.793403625631676
1993.0,5.0,42.2,25.0,53.15813953488374,-0.020558484401319986,52.64417742485074,-10.444177424850736,42.713962110033
1993.0,6.0,42.4,26.0,53.15813953488374,-0.020558484401319986,52.62361894044942,-10.22361894044942,42.93452059443432
1993.0,7.0,42.4,27.0,53.15813953488374,-0.020558484401319986,52.6030604560481,-10.2030604560481,42.95507907883564
1993.0,8.0,50.2,28.0,53.15813953488374,-0.020558484401319986,52.58250197164678,-2.382501971646775,50.77563756323696
1993.0,9.0,46.2,29.0,53.15813953488374,-0.020558484401319986,52.56194348724546,-6.361943487245455,46.79619604763828
1993.0,10.0,47.2,30.0,53.15813953488374,-0.020558484401319986,52.54138500284414,-5.3413850028441345,47.8167545320396
1993.0,11.0,43.7,31.0,53.15813953488374,-0.020558484401319986,52.52082651844282,-8.820826518442814,44.33731301644092
1993.0,12.0,51.8,32.0,53.15813953488374,-0.020558484401319986,52.5002680340415,-0.7002680340414997,52.45787150084224
1994.0,1.0,38.0,33.0,53.15813953488374,-0.020558484401319986,52.47970954964018,-14.479709549640177,38.67842998524356
1994.0,2.0,38.1,34.0,53.15813953488374,-0.020558484401319986,52.459151065238856,-14.359151065238855,38.79898846964488
1994.0,3.0,42.7,35.0,53.15813953488374,-0.020558484401319986,52.438592580837536,-9.738592580837533,43.419546954046204
1994.0,4.0,46.5,36.0,53.15813953488374,-0.020558484401319986,52.418034096436216,-5.918034096436216,47.24010543844752
1994.0,5.0,48.5,37.0,53.15813953488374,-0.020558484401319986,52.397475612034896,-3.8974756120348957,49.26066392284884
1994.0,6.0,51.0,38.0,53.15813953488374,-0.020558484401319986,52.376917127633575,-1.3769171276335754,51.78122240725016
1994.0,7.0,45.0,39.0,53.15813953488374,-0.020558484401319986,52.356358643232255,-7.356358643232255,45.80178089165148
1994.0,8.0,51.4,40.0,53.15813953488374,-0.020558484401319986,52.335800158830935,-0.9358001588309364,52.2223393760528
1994.0,9.0,55.5,41.0,53.15813953488374,-0.020558484401319986,52.315241674429615,3.1847583255703853,56.34289786045412
1994.0,10.0,56.6,42.0,53.15813953488374,-0.020558484401319986,52.2946831900283,4.3053168099717,57.46345634485544
1994.0,11.0,50.6,43.0,53.15813953488374,-0.020558484401319986,52.27412470562698,-1.67412470562698,51.48401482925676
1994.0,12.0,56.9,44.0,53.15813953488374,-0.020558484401319986,52.25356622122566,4.6464337787743375,57.804573313658075
1995.0,1.0,45.0,45.0,53.15813953488374,-0.020558484401319986,52.23300773682434,-7.233007736824341,45.9251317980594
1995.0,2.0,38.7,46.0,53.15813953488374,-0.020558484401319986,52.21244925242302,-13.512449252423018,39.64569028246072
1995.0,3.0,46.6,47.0,53.15813953488374,-0.020558484401319986,52.1918907680217,-5.591890768021699,47.56624876686204
1995.0,4.0,44.5,48.0,53.15813953488374,-0.020558484401319986,52.17133228362038,-7.67133228362038,45.48680725126336
1995.0,5.0,46.9,49.0,53.15813953488374,-0.020558484401319986,52.15077379921906,-5.250773799219061,47.907365735664676
1995.0,6.0,48.1,50.0,53.15813953488374,-0.020558484401319986,52.13021531481774,-4.030215314817738,49.127924220066
1995.0,7.0,48.9,51.0,53.15813953488374,-0.020558484401319986,52.10965683041642,-3.209656830416421,49.94848270446732
1995.0,8.0,53.5,52.0,53.15813953488374,-0.020558484401319986,52.0890983460151,1.4109016539849009,54.56904118886864
1995.0,9.0,49.7,53.0,53.15813953488374,-0.020558484401319986,52.06853986161378,-2.368539861613776,50.78959967326996
1995.0,10.0,56.2,54.0,53.15813953488374,-0.020558484401319986,52.04798137721246,4.152018622787544,57.31015815767128
1995.0,11.0,51.1,55.0,53.15813953488374,-0.020558484401319986,52.02742289281114,-0.927422892811137,52.2307166420726
1995.0,12.0,52.0,56.0,53.15813953488374,-0.020558484401319986,52.00686440840982,-0.006864408409818168,53.15127512647392
1996.0,1.0,43.9,57.0,53.15813953488374,-0.020558484401319986,51.9863059240085,-8.0863059240085,45.07183361087524
1996.0,2.0,41.9,58.0,53.15813953488374,-0.020558484401319986,51.96574743960718,-10.065747439607179,43.09239209527656
1996.0,3.0,49.7,59.0,53.15813953488374,-0.020558484401319986,51.94518895520586,-2.2451889552058546,50.91295057967788
1996.0,4.0,45.9,60.0,53.15813953488374,-0.020558484401319986,51.92463047080454,-6.024630470804539,47.1335090640792
1996.0,5.0,53.3,61.0,53.15813953488374,-0.020558484401319986,51.90407198640322,1.3959280135967802,54.55406754848052
1996.0,6.0,56.6,62.0,53.15813953488374,-0.020558484401319986,51.8835135020019,4.716486497998105,57.87462603288184
1996.0,7.0,56.3,63.0,53.15813953488374,-0.020558484401319986,51.86295501760058,4.437044982399421,57.59518451728316
1996.0,8.0,61.4,64.0,53.15813953488374,-0.020558484401319986,51.842396533199256,9.557603466800742,62.71574300168448
1996.0,9.0,51.3,65.0,53.15813953488374,-0.020558484401319986,51.821838048797936,-0.5218380487979388,52.6363014860858
1996.0,10.0,59.7,66.0,53.15813953488374,-0.020558484401319986,51.801279564396616,7.898720435603387,61.056859970487125
1996.0,11.0,52.3,67.0,53.15813953488374,-0.020558484401319986,51.780721079995295,0.5192789200047017,53.67741845488844
1996.0,12.0,64.7,68.0,53.15813953488374,-0.020558484401319986,51.760162595593975,12.939837404406028,66.09797693928977
1997.0,1.0,41.6,69.0,53.15813953488374,-0.020558484401319986,51.73960411119266,-10.13960411119266,43.01853542369108
1997.0,2.0,49.0,70.0,53.15813953488374,-0.020558484401319986,51.71904562679134,-2.719045626791342,50.439093908092396
1997.0,3.0,51.9,71.0,53.15813953488374,-0.020558484401319986,51.69848714239002,0.20151285760997695,53.359652392493715
1997.0,4.0,52.8,72.0,53.15813953488374,-0.020558484401319986,51.6779286579887,1.1220713420112958,54.28021087689503
1997.0,5.0,49.0,73.0,53.15813953488374,-0.020558484401319986,51.65737017358738,-2.657370173587381,50.500769361296356
1997.0,6.0,50.4,74.0,53.15813953488374,-0.020558484401319986,51.63681168918606,-1.2368116891860623,51.921327845697675
1997.0,7.0,49.7,75.0,53.15813953488374,-0.020558484401319986,51.61625320478474,-1.9162532047847378,51.241886330099
1997.0,8.0,52.6,76.0,53.15813953488374,-0.020558484401319986,51.59569472038342,1.004305279616581,54.16244481450032
1997.0,9.0,60.7,77.0,53.15813953488374,-0.020558484401319986,51.5751362359821,9.124863764017903,62.28300329890164
1997.0,10.0,57.3,78.0,53.15813953488374,-0.020558484401319986,51.55457775158078,5.745422248419217,58.903561783302955
1997.0,11.0,55.0,79.0,53.15813953488374,-0.020558484401319986,51.53401926717946,3.4659807328205403,56.62412026770428
1997.0,12.0,64.0,80.0,53.15813953488374,-0.020558484401319986,51.51346078277814,12.48653921722186,65.64467875210559
1998.0,1.0,40.7,81.0,53.15813953488374,-0.020558484401319986,51.49290229837682,-10.792902298376816,42.36523723650692
1998.0,2.0,45.7,82.0,53.15813953488374,-0.020558484401319986,51.4723438139755,-5.772343813975496,47.38579572090824
1998.0,3.0,50.6,83.0,53.15813953488374,-0.020558484401319986,51.45178532957418,-0.8517853295741773,52.30635420530956
1998.0,4.0,56.6,84.0,53.15813953488374,-0.020558484401319986,51.43122684517286,5.168773154827143,58.32691268971088
1998.0,5.0,54.5,85.0,53.15813953488374,-0.020558484401319986,51.41066836077154,3.0893316392284618,56.2474711741122
1998.0,6.0,59.0,86.0,53.15813953488374,-0.020558484401319986,51.39010987637022,7.609890123629782,60.76802965851352
1998.0,7.0,60.0,87.0,53.15813953488374,-0.020558484401319986,51.3695513919689,8.630448608031102,61.78858814291484
1998.0,8.0,64.5,88.0,53.15813953488374,-0.020558484401319986,51.34899290756758,13.151007092432422,66.30914662731615
1998.0,9.0,59.2,89.0,53.15813953488374,-0.020558484401319986,51.32843442316626,7.871565576833746,61.02970511171748
1998.0,10.0,58.5,90.0,53.15813953488374,-0.020558484401319986,51.30787593876494,7.192124061235063,60.3502635961188
1998.0,11.0,61.7,91.0,53.15813953488374,-0.020558484401319986,51.28731745436362,10.412682545636386,63.570822080520124
1998.0,12.0,60.6,92.0,53.15813953488374,-0.020558484401319986,51.2667589699623,9.333241030037705,62.49138056492144
1999.0,1.0,57.1,93.0,53.15813953488374,-0.020558484401319986,51.246200485560976,5.853799514439025,59.01193904932276
1999.0,2.0,50.8,94.0,53.15813953488374,-0.020558484401319986,51.225642001159656,-0.4256420011596589,52.73249753372408
1999.0,3.0,57.4,95.0,53.15813953488374,-0.020558484401319986,51.205083516758336,6.194916483241663,59.3530560181254
1999.0,4.0,54.1,96.0,53.15813953488374,-0.020558484401319986,51.184525032357016,2.915474967642986,56.07361450252672
1999.0,5.0,60.4,97.0,53.15813953488374,-0.020558484401319986,51.163966547955695,9.236033452044303,62.39417298692804
1999.0,6.0,62.3,98.0,53.15813953488374,-0.020558484401319986,51.14340806355438,11.156591936445615,64.31473147132935
1999.0,7.0,62.3,99.0,53.15813953488374,-0.020558484401319986,51.12284957915306,11.177150420846935,64.33528995573067
1999.0,8.0,67.7,100.0,53.15813953488374,-0.020558484401319986,51.10229109475174,16.59770890524826,69.755848440132
1999.0,9.0,63.3,101.0,53.15813953488374,-0.020558484401319986,51.08173261035042,12.218267389649576,65.37640692453331
1999.0,10.0,65.9,102.0,53.15813953488374,-0.020558484401319986,51.0611741259491,14.838825874050904,67.99696540893464
1999.0,11.0,62.5,103.0,53.15813953488374,-0.020558484401319986,51.04061564154778,11.459384358452219,64.61752389333596
1999.0,12.0,69.0,104.0,53.15813953488374,-0.020558484401319986,51.02005715714646,17.97994284285354,71.13808237773728
2000.0,1.0,52.2,105.0,53.15813953488374,-0.020558484401319986,50.99949867274514,1.2005013272548624,54.3586408621386
2000.0,2.0,56.0,106.0,53.15813953488374,-0.020558484401319986,50.97894018834382,5.02105981165618,58.17919934653992
2000.0,3.0,57.8,107.0,53.15813953488374,-0.020558484401319986,50.9583817039425,6.841618296057497,59.999757830941235
2000.0,4.0,56.9,108.0,53.15813953488374,-0.020558484401319986,50.93782321954118,5.962176780458819,59.120316315342556
2000.0,5.0,64.0,109.0,53.15813953488374,-0.020558484401319986,50.91726473513986,13.08273526486014,66.24087479974388
2000.0,6.0,63.1,110.0,53.15813953488374,-0.020558484401319986,50.89670625073854,12.203293749261462,65.36143328414519
2000.0,7.0,61.2,111.0,53.15813953488374,-0.020558484401319986,50.87614776633722,10.323852233662784,63.48199176854652
2000.0,8.0,65.0,112.0,53.15813953488374,-0.020558484401319986,50.8555892819359,14.144410718064101,67.30255025294784
2000.0,9.0,58.6,113.0,53.15813953488374,-0.020558484401319986,50.83503079753458,7.764969202465423,60.92310873734916
2000.0,10.0,64.8,114.0,53.15813953488374,-0.020558484401319986,50.81447231313326,13.985527686866739,67.14366722175048
2000.0,11.0,63.2,115.0,53.15813953488374,-0.020558484401319986,50.79391382873194,12.406086171268065,65.5642257061518
2000.0,12.0,66.6,116.0,53.15813953488374,-0.020558484401319986,50.77335534433062,15.826644655669377,68.98478419055311
2001.0,1.0,44.1,117.0,53.15813953488374,-0.020558484401319986,50.7527968599293,-6.652796859929296,46.50534267495444
2001.0,2.0,52.5,118.0,53.15813953488374,-0.020558484401319986,50.73223837552798,1.7677616244720227,54.92590115935576
2001.0,3.0,55.8,119.0,53.15813953488374,-0.020558484401319986,50.71167989112666,5.08832010887334,58.24645964375708
2001.0,4.0,54.9,120.0,53.15813953488374,-0.020558484401319986,50.69112140672534,4.208878593274662,57.3670181281584
2001.0,5.0,56.8,121.0,53.15813953488374,-0.020558484401319986,50.67056292232402,6.129437077675981,59.28757661255972
2001.0,6.0,68.2,122.0,53.15813953488374,-0.020558484401319986,50.650004437922696,17.549995562077306,70.70813509696104
2001.0,7.0,62.6,123.0,53.15813953488374,-0.020558484401319986,50.629445953521376,11.970554046478625,65.12869358136237
2001.0,8.0,69.5,124.0,53.15813953488374,-0.020558484401319986,50.60888746912006,18.891112530879937,72.04925206576368
2001.0,9.0,64.8,125.0,53.15813953488374,-0.020558484401319986,50.58832898471874,14.211671015281254,67.369810550165
2001.0,10.0,64.5,126.0,53.15813953488374,-0.020558484401319986,50.56777050031742,13.932229499682578,67.09036903456632
2001.0,11.0,56.0,127.0,53.15813953488374,-0.020558484401319986,50.5472120159161,5.452787984083898,58.610927518967635
2001.0,12.0,76.7,128.0,53.15813953488374,-0.020558484401319986,50.52665353151478,26.17334646848522,79.33148600336895
2002.0,1.0,53.2,129.0,53.15813953488374,-0.020558484401319986,50.50609504711346,2.693904952886541,55.85204448777028
2002.0,2.0,53.7,130.0,53.15813953488374,-0.020558484401319986,50.48553656271214,3.2144634372878613,56.3726029721716
2002.0,3.0,54.0,131.0,53.15813953488374,-0.020558484401319986,50.46497807831082,3.5350219216891787,56.693161456572916
2002.0,4.0,62.3,132.0,53.15813953488374,-0.020558484401319986,50.4444195939095,11.855580406090496,65.01371994097423
2002.0,5.0,67.7,133.0,53.15813953488374,-0.020558484401319986,50.42386110950818,17.276138890491822,70.43427842537557
2002.0,6.0,64.8,134.0,53.15813953488374,-0.020558484401319986,50.40330262510686,14.396697374893137,67.55483690977687
2002.0,7.0,65.2,135.0,53.15813953488374,-0.020558484401319986,50.38274414070554,14.817255859294463,67.97539539417821
2002.0,8.0,69.0,136.0,53.15813953488374,-0.020558484401319986,50.36218565630422,18.63781434369578,71.79595387857952
2002.0,9.0,66.2,137.0,53.15813953488374,-0.020558484401319986,50.3416271719029,15.858372828097103,69.01651236298085
2002.0,10.0,67.4,138.0,53.15813953488374,-0.020558484401319986,50.32106868750158,17.078931312498426,70.23707084738217
2002.0,11.0,61.3,139.0,53.15813953488374,-0.020558484401319986,50.30051020310026,10.999489796899738,64.15762933178348
2002.0,12.0,73.0,140.0,53.15813953488374,-0.020558484401319986,50.27995171869894,22.72004828130106,75.8781878161848
2003.0,1.0,56.3,141.0,53.15813953488374,-0.020558484401319986,50.25939323429762,6.040606765702378,59.198746300586116
2003.0,2.0,52.2,142.0,53.15813953488374,-0.020558484401319986,50.2388347498963,1.9611652501037042,55.11930478498744
2003.0,3.0,57.7,143.0,53.15813953488374,-0.020558484401319986,50.21827626549498,7.4817237345050245,60.63986326938876
2003.0,4.0,59.7,144.0,53.15813953488374,-0.020558484401319986,50.19771778109366,9.502282218906345,62.66042175379008
2003.0,5.0,61.1,145.0,53.15813953488374,-0.020558484401319986,50.17715929669234,10.922840703307664,64.0809802381914
2003.0,6.0,64.8,146.0,53.15813953488374,-0.020558484401319986,50.15660081229102,14.64339918770898,67.80153872259271
2003.0,7.0,60.8,147.0,53.15813953488374,-0.020558484401319986,50.1360423278897,10.6639576721103,63.82209720699404
2003.0,8.0,62.4,148.0,53.15813953488374,-0.020558484401319986,50.11548384348838,12.284516156511621,65.44265569139536
2003.0,9.0,63.2,149.0,53.15813953488374,-0.020558484401319986,50.09492535908706,13.105074640912946,66.26321417579669
2003.0,10.0,69.0,150.0,53.15813953488374,-0.020558484401319986,50.07436687468574,18.925633125314263,72.08377266019801
2003.0,11.0,67.7,151.0,53.15813953488374,-0.020558484401319986,50.053808390284416,17.646191609715586,70.80433114459933
2003.0,12.0,80.8,152.0,53.15813953488374,-0.020558484401319986,50.033249905883096,30.7667500941169,83.92488962900063
2004.0,1.0,51.0,153.0,53.15813953488374,-0.020558484401319986,50.012691421481776,0.9873085785182241,54.14544811340196
2004.0,2.0,54.1,154.0,53.15813953488374,-0.020558484401319986,49.99213293708046,4.107867062919539,57.266006597803276
2004.0,3.0,66.1,155.0,53.15813953488374,-0.020558484401319986,49.97157445267914,16.12842554732085,69.28656508220459
2004.0,4.0,70.0,156.0,53.15813953488374,-0.020558484401319986,49.95101596827782,20.048984031722178,73.20712356660592
2004.0,5.0,76.4,157.0,53.15813953488374,-0.020558484401319986,49.9304574838765,26.469542516123504,79.62768205100724
2004.0,6.0,73.2,158.0,53.15813953488374,-0.020558484401319986,49.90989899947518,23.29010100052482,76.44824053540856
2004.0,7.0,73.5,159.0,53.15813953488374,-0.020558484401319986,49.88934051507386,23.61065948492614,76.76879901980988
2004.0,8.0,79.2,160.0,53.15813953488374,-0.020558484401319986,49.86878203067254,29.33121796932746,82.4893575042112
2004.0,9.0,72.5,161.0,53.15813953488374,-0.020558484401319986,49.84822354627122,22.65177645372878,75.80991598861252
2004.0,10.0,71.2,162.0,53.15813953488374,-0.020558484401319986,49.8276650618699,21.372334938130102,74.53047447301384
2004.0,11.0,70.6,163.0,53.15813953488374,-0.020558484401319986,49.80710657746858,20.792893422531414,73.95103295741515
2004.0,12.0,82.5,164.0,53.15813953488374,-0.020558484401319986,49.78654809306726,32.71345190693274,85.87159144181648
2005.0,1.0,60.5,165.0,53.15813953488374,-0.020558484401319986,49.76598960866594,10.73401039133406,63.8921499262178
2005.0,2.0,61.9,166.0,53.15813953488374,-0.020558484401319986,49.74543112426462,12.154568875735379,65.31270841061911
2005.0,3.0,62.5,167.0,53.15813953488374,-0.020558484401319986,49.7248726398633,12.7751273601367,65.93326689502044
2005.0,4.0,71.0,168.0,53.15813953488374,-0.020558484401319986,49.70431415546198,21.29568584453802,74.45382537942176
2005.0,5.0,81.7,169.0,53.15813953488374,-0.020558484401319986,49.68375567106066,32.016244328939344,85.17438386382308
2005.0,6.0,81.9,170.0,53.15813953488374,-0.020558484401319986,49.66319718665934,32.23680281334067,85.3949423482244
2005.0,7.0,74.1,171.0,53.15813953488374,-0.020558484401319986,49.64263870225802,24.457361297741976,77.61550083262571
2005.0,8.0,78.7,172.0,53.15813953488374,-0.020558484401319986,49.6220802178567,29.077919782143304,82.23605931702704
2005.0,9.0,80.7,173.0,53.15813953488374,-0.020558484401319986,49.60152173345538,31.098478266544625,84.25661780142836
2005.0,10.0,84.5,174.0,53.15813953488374,-0.020558484401319986,49.58096324905406,34.91903675094594,88.07717628582968
2005.0,11.0,76.0,175.0,53.15813953488374,-0.020558484401319986,49.56040476465274,26.439595235347262,79.597734770231
2005.0,12.0,90.2,176.0,53.15813953488374,-0.020558484401319986,49.53984628025142,40.660153719748585,93.81829325463232
2006.0,1.0,69.8,177.0,53.15813953488374,-0.020558484401319986,49.5192877958501,20.2807122041499,73.43885173903364
2006.0,2.0,68.5,178.0,53.15813953488374,-0.020558484401319986,49.49872931144878,19.001270688551223,72.15941022343496
2006.0,3.0,87.6,179.0,53.15813953488374,-0.020558484401319986,49.47817082704746,38.12182917295254,91.27996870783628
2006.0,4.0,77.9,180.0,53.15813953488374,-0.020558484401319986,49.457612342646144,28.442387657353862,81.60052719223759
2006.0,5.0,78.0,181.0,53.15813953488374,-0.020558484401319986,49.43705385824482,28.562946141755177,81.72108567663892
2006.0,6.0,86.5,182.0,53.15813953488374,-0.020558484401319986,49.4164953738435,37.0835046261565,90.24164416104023
2006.0,7.0,85.1,183.0,53.15813953488374,-0.020558484401319986,49.39593688944218,35.70406311055781,88.86220264544156
2006.0,8.0,82.1,184.0,53.15813953488374,-0.020558484401319986,49.37537840504086,32.72462159495913,85.88276112984286
2006.0,9.0,86.2,185.0,53.15813953488374,-0.020558484401319986,49.35481992063954,36.84518007936046,90.00331961424419
2006.0,10.0,87.9,186.0,53.15813953488374,-0.020558484401319986,49.33426143623822,38.565738563761784,91.72387809864551
2006.0,11.0,82.6,187.0,53.15813953488374,-0.020558484401319986,49.3137029518369,33.28629704816309,86.44443658304684
2006.0,12.0,94.5,188.0,53.15813953488374,-0.020558484401319986,49.29314446743558,45.20685553256442,98.36499506744815
2007.0,1.0,67.7,189.0,53.15813953488374,-0.020558484401319986,49.27258598303426,18.42741401696574,71.58555355184947
2007.0,2.0,62.3,190.0,53.15813953488374,-0.020558484401319986,49.25202749863294,13.047972501367056,66.2061120362508
2007.0,3.0,64.3,191.0,53.15813953488374,-0.020558484401319986,49.23146901423162,15.068530985768376,68.2266705206521
2007.0,4.0,63.7,192.0,53.15813953488374,-0.020558484401319986,49.2109105298303,14.489089470169702,67.64722900505345
2007.0,5.0,66.1,193.0,53.15813953488374,-0.020558484401319986,49.19035204542898,16.909647954571014,70.06778748945476
2007.0,6.0,67.1,194.0,53.15813953488374,-0.020558484401319986,49.16979356102766,17.930206438972334,71.08834597385606
2007.0,7.0,67.3,195.0,53.15813953488374,-0.020558484401319986,49.14923507662634,18.150764923373657,71.30890445825739
2007.0,8.0,70.0,196.0,53.15813953488374,-0.020558484401319986,49.12867659222502,20.87132340777498,74.02946294265871
2007.0,9.0,57.2,197.0,53.15813953488374,-0.020558484401319986,49.1081181078237,8.091881892176303,61.25002142706004
2007.0,10.0,62.1,198.0,53.15813953488374,-0.020558484401319986,49.08755962342238,13.012440376577622,66.17057991146136
2007.0,11.0,56.6,199.0,53.15813953488374,-0.020558484401319986,49.06700113902106,7.5329988609789424,60.69113839586268
2007.0,12.0,61.8,200.0,53.15813953488374,-0.020558484401319986,49.04644265461974,12.753557345380258,65.911696880264
2008.0,1.0,48.4,201.0,53.15813953488374,-0.020558484401319986,49.02588417021842,-0.6258841702184199,52.53225536466532
2008.0,2.0,48.1,202.0,53.15813953488374,-0.020558484401319986,49.0053256858171,-0.9053256858170968,52.25281384906664
2008.0,3.0,47.1,203.0,53.15813953488374,-0.020558484401319986,48.98476720141578,-1.8847672014157766,51.27337233346796
2008.0,4.0,40.6,204.0,53.15813953488374,-0.020558484401319986,48.96420871701446,-8.364208717014456,44.79393081786928
2008.0,5.0,48.5,205.0,53.15813953488374,-0.020558484401319986,48.94365023261314,-0.4436502326131375,52.7144893022706
2008.0,6.0,51.4,206.0,53.15813953488374,-0.020558484401319986,48.92309174821182,2.4769082517881813,55.63504778667192
2008.0,7.0,45.7,207.0,53.15813953488374,-0.020558484401319986,48.9025332638105,-3.202533263810494,49.95560627107324
2008.0,8.0,50.0,208.0,53.15813953488374,-0.020558484401319986,48.88197477940918,1.1180252205908232,54.27616475547456
2008.0,9.0,47.2,209.0,53.15813953488374,-0.020558484401319986,48.86141629500786,-1.6614162950078537,51.496723239875884
2008.0,10.0,48.0,210.0,53.15813953488374,-0.020558484401319986,48.84085781060654,-0.8408578106065434,52.317281724277194
2008.0,11.0,43.3,211.0,53.15813953488374,-0.020558484401319986,48.82029932620522,-5.520299326205226,47.63784020867851
2008.0,12.0,49.0,212.0,53.15813953488374,-0.020558484401319986,48.7997408418039,0.20025915819609708,53.358398693079835
2009.0,1.0,27.8,213.0,53.15813953488374,-0.020558484401319986,48.77918235740258,-20.979182357402582,32.17895717748115
2009.0,2.0,26.9,214.0,53.15813953488374,-0.020558484401319986,48.75862387300126,-21.858623873001264,31.299515661882474
2009.0,3.0,32.2,215.0,53.15813953488374,-0.020558484401319986,48.73806538859994,-16.53806538859994,36.6200741462838
2009.0,4.0,31.7,216.0,53.15813953488374,-0.020558484401319986,48.71750690419862,-17.017506904198623,36.14063263068512
2009.0,5.0,35.0,217.0,53.15813953488374,-0.020558484401319986,48.6969484197973,-13.696948419797302,39.461191115086436
2009.0,6.0,34.3,218.0,53.15813953488374,-0.020558484401319986,48.67638993539598,-14.376389935395984,38.78174959948775
2009.0,7.0,31.4,219.0,53.15813953488374,-0.020558484401319986,48.65583145099466,-17.255831450994663,35.902308083889075
2009.0,8.0,41.3,220.0,53.15813953488374,-0.020558484401319986,48.63527296659334,-7.335272966593344,45.822866568290394
2009.0,9.0,29.8,221.0,53.15813953488374,-0.020558484401319986,48.61471448219202,-18.81471448219202,34.343425052691714
2009.0,10.0,32.3,222.0,53.15813953488374,-0.020558484401319986,48.5941559977907,-16.294155997790703,36.863983537093034
2009.0,11.0,33.7,223.0,53.15813953488374,-0.020558484401319986,48.57359751338938,-14.873597513389377,38.28454202149436
2009.0,12.0,37.2,224.0,53.15813953488374,-0.020558484401319986,48.55303902898806,-11.353039028988057,41.80510050589568
2010.0,1.0,21.2,225.0,53.15813953488374,-0.020558484401319986,48.53248054458674,-27.33248054458674,25.825658990296997
2010.0,2.0,23.0,226.0,53.15813953488374,-0.020558484401319986,48.51192206018542,-25.51192206018542,27.646217474698318
2010.0,3.0,26.0,227.0,53.15813953488374,-0.020558484401319986,48.4913635757841,-22.4913635757841,30.66677595909964
2010.0,4.0,32.1,228.0,53.15813953488374,-0.020558484401319986,48.47080509138278,-16.370805091382778,36.78733444350096
2010.0,5.0,26.2,229.0,53.15813953488374,-0.020558484401319986,48.45024660698146,-22.25024660698146,30.907892927902278
2010.0,6.0,33.9,230.0,53.15813953488374,-0.020558484401319986,48.42968812258014,-14.52968812258014,38.6284514123036
2010.0,7.0,23.8,231.0,53.15813953488374,-0.020558484401319986,48.40912963817882,-24.609129638178818,28.54900989670492
2010.0,8.0,26.6,232.0,53.15813953488374,-0.020558484401319986,48.3885711537775,-21.788571153777497,31.36956838110624
2010.0,9.0,26.7,233.0,53.15813953488374,-0.020558484401319986,48.36801266937618,-21.66801266937618,31.49012686550756
2010.0,10.0,25.9,234.0,53.15813953488374,-0.020558484401319986,48.347454184974865,-22.447454184974866,30.71068534990887
2010.0,11.0,22.4,235.0,53.15813953488374,-0.020558484401319986,48.326895700573544,-25.926895700573546,27.23124383431019
2010.0,12.0,28.9,236.0,53.15813953488374,-0.020558484401319986,48.306337216172224,-19.406337216172226,33.75180231871151
2011.0,1.0,17.3,237.0,53.15813953488374,-0.020558484401319986,48.285778731770904,-30.985778731770903,22.172360803112834
2011.0,2.0,23.1,238.0,53.15813953488374,-0.020558484401319986,48.265220247369584,-25.165220247369582,27.992919287514155
2011.0,3.0,25.4,239.0,53.15813953488374,-0.020558484401319986,48.24466176296826,-22.844661762968265,30.313477771915473
2011.0,4.0,21.9,240.0,53.15813953488374,-0.020558484401319986,48.22410327856694,-26.324103278566945,26.834036256316793
2011.0,5.0,20.0,241.0,53.15813953488374,-0.020558484401319986,48.20354479416562,-28.203544794165623,24.954594740718115
2011.0,6.0,24.6,242.0,53.15813953488374,-0.020558484401319986,48.1829863097643,-23.5829863097643,29.575153225119436
2011.0,7.0,29.6,243.0,53.15813953488374,-0.020558484401319986,48.16242782536298,-18.56242782536298,34.59571170952076
2011.0,8.0,26.9,244.0,53.15813953488374,-0.020558484401319986,48.14186934096166,-21.241869340961664,31.916270193922074
2011.0,9.0,26.5,245.0,53.15813953488374,-0.020558484401319986,48.12131085656034,-21.621310856560342,31.536828678323396
2011.0,10.0,25.6,246.0,53.15813953488374,-0.020558484401319986,48.10075237215902,-22.50075237215902,30.657387162724717
2011.0,11.0,26.0,247.0,53.15813953488374,-0.020558484401319986,48.0801938877577,-22.0801938877577,31.077945647126036
2011.0,12.0,28.6,248.0,53.15813953488374,-0.020558484401319986,48.05963540335638,-19.45963540335638,33.69850413152736
2012.0,1.0,18.8,249.0,53.15813953488374,-0.020558484401319986,48.03907691895506,-29.23907691895506,23.919062615928677
2012.0,2.0,19.9,250.0,53.15813953488374,-0.020558484401319986,48.01851843455374,-28.118518434553742,25.039621100329995
2012.0,3.0,22.1,251.0,53.15813953488374,-0.020558484401319986,47.99795995015242,-25.89795995015242,27.26017958473132
2012.0,4.0,26.1,252.0,53.15813953488374,-0.020558484401319986,47.9774014657511,-21.8774014657511,31.28073806913264
2012.0,5.0,24.5,253.0,53.15813953488374,-0.020558484401319986,47.95684298134978,-23.45684298134978,29.701296553533957
2012.0,6.0,27.9,254.0,53.15813953488374,-0.020558484401319986,47.93628449694846,-20.03628449694846,33.121855037935276
2012.0,7.0,26.7,255.0,53.15813953488374,-0.020558484401319986,47.91572601254714,-21.21572601254714,31.942413522336597
2012.0,8.0,30.9,256.0,53.15813953488374,-0.020558484401319986,47.89516752814582,-16.99516752814582,36.16297200673792
2012.0,9.0,28.7,257.0,53.15813953488374,-0.020558484401319986,47.8746090437445,-19.1746090437445,33.983530491139234
2012.0,10.0,36.6,258.0,53.15813953488374,-0.020558484401319986,47.85405055934318,-11.254050559343177,41.90408897554056
2012.0,11.0,28.7,259.0,53.15813953488374,-0.020558484401319986,47.83349207494186,-19.13349207494186,34.024647459941875
2012.0,12.0,33.7,260.0,53.15813953488374,-0.020558484401319986,47.81293359054054,-14.112933590540536,39.0452059443432
2013.0,1.0,24.8,261.0,53.15813953488374,-0.020558484401319986,47.79237510613922,-22.992375106139217,30.16576442874452
2013.0,2.0,26.4,262.0,53.15813953488374,-0.020558484401319986,47.7718166217379,-21.3718166217379,31.78632291314584
2013.0,3.0,29.2,263.0,53.15813953488374,-0.020558484401319986,47.75125813733658,-18.55125813733658,34.606881397547156
2013.0,4.0,27.9,264.0,53.15813953488374,-0.020558484401319986,47.73069965293526,-19.83069965293526,33.32743988194848
2013.0,5.0,31.3,265.0,53.15813953488374,-0.020558484401319986,47.710141168533944,-16.410141168533944,36.74799836634979
2013.0,6.0,34.1,266.0,53.15813953488374,-0.020558484401319986,47.689582684132624,-13.589582684132623,39.568556850751115
2013.0,7.0,32.3,267.0,53.15813953488374,-0.020558484401319986,47.669024199731304,-15.369024199731307,37.78911533515243
2013.0,8.0,38.2,268.0,53.15813953488374,-0.020558484401319986,47.64846571532998,-9.44846571532998,43.70967381955376
2013.0,9.0,35.8,269.0,53.15813953488374,-0.020558484401319986,47.62790723092866,-11.827907230928666,41.33023230395507
2013.0,10.0,38.9,270.0,53.15813953488374,-0.020558484401319986,47.60734874652734,-8.707348746527344,44.45079078835639
2013.0,11.0,33.5,271.0,53.15813953488374,-0.020558484401319986,47.58679026212602,-14.086790262126023,39.071349272757715
2013.0,12.0,37.0,272.0,53.15813953488374,-0.020558484401319986,47.5662317777247,-10.566231777724703,42.591907757159035
2014.0,1.0,29.2,273.0,53.15813953488374,-0.020558484401319986,47.54567329332338,-18.345673293323383,34.81246624156036
2014.0,2.0,31.8,274.0,53.15813953488374,-0.020558484401319986,47.52511480892206,-15.725114808922061,37.43302472596167
2014.0,3.0,37.7,275.0,53.15813953488374,-0.020558484401319986,47.50455632452074,-9.804556324520739,43.353583210363
2014.0,4.0,34.2,276.0,53.15813953488374,-0.020558484401319986,47.48399784011942,-13.283997840119419,39.87414169476432
2014.0,5.0,33.7,277.0,53.15813953488374,-0.020558484401319986,47.4634393557181,-13.763439355718099,39.39470017916564
2014.0,6.0,36.2,278.0,53.15813953488374,-0.020558484401319986,47.44288087131678,-11.242880871316778,41.91525866356696
2014.0,7.0,35.8,279.0,53.15813953488374,-0.020558484401319986,47.42232238691546,-11.622322386915464,41.535817147968274
