year,month,housing_units,time_c,housing_units_pred,deviations,detrend_deseas_data
1968.0,1.0,35.6,-275.5,51.105631338941755,-15.505631338941754,37.89436866105826
1968.0,2.0,31.5,-274.5,50.25868041638268,-18.75868041638268,34.64131958361733
1968.0,3.0,42.5,-273.5,55.3899903633888,-12.889990363388797,40.510009636611215
1968.0,4.0,42.9,-272.5,55.46912639735145,-12.569126397351454,40.83087360264856
1968.0,5.0,46.2,-271.5,58.05478417044454,-11.854784170444539,41.545215829555474
1968.0,6.0,37.7,-270.5,62.0817462913637,-24.381746291363697,29.018253708636315
1968.0,7.0,50.3,-269.5,59.591317107935055,-9.291317107935058,44.108682892064955
1968.0,8.0,46.6,-268.5,63.53349662015858,-16.93349662015858,36.466503379841434
1968.0,9.0,48.7,-267.5,60.977850045425576,-12.277850045425573,41.12214995457444
1968.0,10.0,50.2,-266.5,62.71350781851866,-12.513507818518654,40.88649218148136
1968.0,11.0,45.7,-265.5,57.560035156829144,-11.860035156829142,41.53996484317087
1968.0,12.0,49.8,-264.5,64.6196059734005,-14.819605973400499,38.580394026599514
1969.0,1.0,40.1,-263.5,50.88135070301531,-10.781350703015306,42.61864929698471
1969.0,2.0,34.8,-262.5,50.03439978045623,-15.234399780456236,38.16560021954378
1969.0,3.0,53.3,-261.5,55.165709727462364,-1.8657097274623666,51.534290272537646
1969.0,4.0,38.1,-260.5,55.244845761425005,-17.144845761425003,36.25515423857501
1969.0,5.0,50.9,-259.5,57.830503534518094,-6.930503534518095,46.46949646548192
1969.0,6.0,53.7,-258.5,61.85746565543727,-8.157465655437264,45.24253434456275
1969.0,7.0,46.5,-257.5,59.367036472008614,-12.867036472008614,40.5329635279914
1969.0,8.0,45.8,-256.5,63.309215984232125,-17.509215984232128,35.890784015767885
1969.0,9.0,48.4,-255.5,60.753569409499136,-12.353569409499137,41.046430590500876
1969.0,10.0,49.4,-254.5,62.48922718259222,-13.089227182592218,40.310772817407795
1969.0,11.0,38.9,-253.5,57.3357545209027,-18.435754520902698,34.964245479097315
1969.0,12.0,53.2,-252.5,64.39532533747405,-11.195325337474046,42.20467466252597
1970.0,1.0,43.7,-251.5,50.657070067088874,-6.957070067088871,46.44292993291114
1970.0,2.0,39.6,-250.5,49.810119144529786,-10.210119144529784,43.18988085547023
1970.0,3.0,40.0,-249.5,54.941429091535916,-14.941429091535916,38.4585709084641
1970.0,4.0,43.9,-248.5,55.02056512549857,-11.120565125498572,42.27943487450144
1970.0,5.0,40.5,-247.5,57.606222898591646,-17.106222898591646,36.29377710140837
1970.0,6.0,60.1,-246.5,61.63318501951082,-1.5331850195108174,51.866814980489195
1970.0,7.0,45.5,-245.5,59.142755836082166,-13.642755836082166,39.757244163917846
1970.0,8.0,65.9,-244.5,63.08493534830568,2.8150646516943283,56.21506465169434
1970.0,9.0,49.7,-243.5,60.52928877357269,-10.829288773572685,42.57071122642733
1970.0,10.0,62.6,-242.5,62.26494654666577,0.33505345333423264,53.735053453334245
1970.0,11.0,52.4,-241.5,57.11147388497625,-4.71147388497625,48.68852611502376
1970.0,12.0,50.9,-240.5,64.1710447015476,-13.271044701547602,40.12895529845241
1971.0,1.0,46.8,-239.5,50.432789431162426,-3.632789431162429,49.767210568837584
1971.0,2.0,45.1,-238.5,49.58583850860334,-4.4858385086033365,48.914161491396676
1971.0,3.0,50.0,-237.5,54.71714845560947,-4.717148455609468,48.682851544390545
1971.0,4.0,60.6,-236.5,54.79628448957212,5.803715510427878,59.20371551042789
1971.0,5.0,60.4,-235.5,57.381942262665206,3.018057737334793,56.418057737334806
1971.0,6.0,63.4,-234.5,61.40890438358437,1.9910956164156275,55.39109561641564
1971.0,7.0,62.3,-233.5,58.91847520015572,3.3815247998442786,56.78152479984429
1971.0,8.0,69.3,-232.5,62.860654712379244,6.439345287620753,59.839345287620766
1971.0,9.0,65.5,-231.5,60.30500813764625,5.194991862353753,58.594991862353766
1971.0,10.0,66.4,-230.5,62.04066591073932,4.359334089260685,57.7593340892607
1971.0,11.0,63.7,-229.5,56.88719324904981,6.812806750950195,60.21280675095021
1971.0,12.0,73.6,-228.5,63.94676406562116,9.653235934378834,63.05323593437885
1972.0,1.0,67.6,-227.5,50.20850879523598,17.391491204764016,70.79149120476403
1972.0,2.0,61.2,-226.5,49.36155787267689,11.838442127323113,65.23844212732313
1972.0,3.0,61.4,-225.5,54.49286781968302,6.907132180316978,60.30713218031699
1972.0,4.0,64.9,-224.5,54.572003853645676,10.32799614635433,63.72799614635434
1972.0,5.0,61.8,-223.5,57.15766162673876,4.642338373261239,58.04233837326125
1972.0,6.0,73.5,-222.5,61.18462374765792,12.315376252342077,65.71537625234208
1972.0,7.0,71.5,-221.5,58.69419456422927,12.80580543577073,66.20580543577074
1972.0,8.0,81.4,-220.5,62.636374076452796,18.76362592354721,72.16362592354722
1972.0,9.0,73.4,-219.5,60.0807275017198,13.319272498280206,66.71927249828022
1972.0,10.0,82.2,-218.5,61.81638527481287,20.38361472518713,73.78361472518714
1972.0,11.0,64.0,-217.5,56.66291261312336,7.3370873868766395,60.73708738687665
1972.0,12.0,85.7,-216.5,63.72248342969471,21.97751657030529,75.3775165703053
1973.0,1.0,72.2,-215.5,49.98422815930953,22.215771840690472,75.61577184069048
1973.0,2.0,66.2,-214.5,49.13727723675044,17.06272276324956,70.46272276324957
1973.0,3.0,71.2,-213.5,54.26858718375657,16.93141281624343,70.33141281624344
1973.0,4.0,79.0,-212.5,54.34772321771923,24.652276782280772,78.05227678228079
1973.0,5.0,82.8,-211.5,56.93338099081231,25.866619009187687,79.2666190091877
1973.0,6.0,87.1,-210.5,60.960343111731476,26.13965688826852,79.53965688826852
1973.0,7.0,74.9,-209.5,58.46991392830283,16.430086071697175,69.8300860716972
1973.0,8.0,85.3,-208.5,62.41209344052634,22.887906559473656,76.28790655947367
1973.0,9.0,75.1,-207.5,59.85644686579335,15.243553134206643,68.64355313420666
1973.0,10.0,75.3,-206.5,61.59210463888643,13.707895361113565,67.10789536111358
1973.0,11.0,67.3,-205.5,56.43863197719692,10.861368022803077,64.26136802280308
1973.0,12.0,69.8,-204.5,63.498202793768264,6.301797206231733,59.701797206231745
1974.0,1.0,65.8,-203.5,49.75994752338308,16.040052476616914,69.44005247661693
1974.0,2.0,59.9,-202.5,48.91299660082401,10.98700339917599,64.387003399176
1974.0,3.0,64.1,-201.5,54.044306547830125,10.05569345216987,63.45569345216988
1974.0,4.0,61.8,-200.5,54.12344258179278,7.676557418207217,61.07655741820723
1974.0,5.0,60.3,-199.5,56.70910035488587,3.5908996451141277,56.99089964511414
1974.0,6.0,69.4,-198.5,60.736062475805035,8.66393752419497,62.06393752419498
1974.0,7.0,66.0,-197.5,58.24563329237638,7.754366707623618,61.15436670762363
1974.0,8.0,60.0,-196.5,62.1878128045999,-2.1878128045999006,51.21218719540011
1974.0,9.0,68.7,-195.5,59.632166229866904,9.067833770133099,62.46783377013311
1974.0,10.0,65.0,-194.5,61.367824002959985,3.632175997040015,57.03217599704003
1974.0,11.0,56.0,-193.5,56.21435134127047,-0.21435134127047206,53.18564865872954
1974.0,12.0,59.0,-192.5,63.27392215784182,-4.273922157841817,49.126077842158196
1975.0,1.0,50.3,-191.5,49.535666887456635,0.7643331125433619,54.164333112543375
1975.0,2.0,39.7,-190.5,48.68871596489756,-8.988715964897558,44.411284035102454
1975.0,3.0,44.1,-189.5,53.82002591190369,-9.72002591190369,43.67997408809632
1975.0,4.0,38.8,-188.5,53.89916194586633,-15.099161945866335,38.30083805413368
1975.0,5.0,42.1,-187.5,56.48481971895942,-14.38481971895942,39.01518028104059
1975.0,6.0,49.0,-186.5,60.511781839878594,-11.511781839878594,41.88821816012142
1975.0,7.0,47.4,-185.5,58.021352656449935,-10.621352656449936,42.77864734355008
1975.0,8.0,47.0,-184.5,61.96353216867345,-14.963532168673453,38.43646783132656
1975.0,9.0,39.1,-183.5,59.40788559394046,-20.307885593940462,33.09211440605955
1975.0,10.0,40.5,-182.5,61.14354336703354,-20.643543367033537,32.756456632966476
1975.0,11.0,45.3,-181.5,55.990070705344024,-10.690070705344027,42.709929294655986
1975.0,12.0,48.0,-180.5,63.049641521915376,-15.049641521915376,38.35035847808464
1976.0,1.0,36.5,-179.5,49.3113862515302,-12.811386251530202,40.58861374846981
1976.0,2.0,36.6,-178.5,48.46443532897111,-11.864435328971112,41.5355646710289
1976.0,3.0,38.6,-177.5,53.595745275977244,-14.995745275977242,38.40425472402277
1976.0,4.0,38.0,-176.5,53.6748813099399,-15.674881309939899,37.725118690060114
1976.0,5.0,40.5,-175.5,56.260539083032974,-15.760539083032974,37.63946091696704
1976.0,6.0,45.4,-174.5,60.28750120395215,-14.887501203952148,38.512498796047865
1976.0,7.0,43.3,-173.5,57.797072020523494,-14.497072020523497,38.902927979476516
1976.0,8.0,43.2,-172.5,61.739251532747005,-18.539251532747002,34.86074846725301
1976.0,9.0,46.3,-171.5,59.183604958014016,-12.883604958014018,40.516395041985994
1976.0,10.0,48.0,-170.5,60.919262731107096,-12.919262731107096,40.480737268892916
1976.0,11.0,48.4,-169.5,55.76579006941758,-7.365790069417578,46.034209930582435
1976.0,12.0,48.5,-168.5,62.82536088598893,-14.325360885988928,39.074639114011084
1977.0,1.0,37.7,-167.5,49.087105615603754,-11.387105615603751,42.01289438439626
1977.0,2.0,45.5,-166.5,48.240154693044666,-2.7401546930446656,50.65984530695535
1977.0,3.0,50.5,-165.5,53.371464640050796,-2.871464640050796,50.52853535994922
1977.0,4.0,43.8,-164.5,53.45060067401345,-9.650600674013454,43.74939932598656
1977.0,5.0,46.5,-163.5,56.03625844710653,-9.536258447106533,43.86374155289348
1977.0,6.0,55.0,-162.5,60.0632205680257,-5.063220568025699,48.336779431974314
1977.0,7.0,54.6,-161.5,57.572791384597046,-2.972791384597045,50.42720861540297
1977.0,8.0,58.6,-160.5,61.514970896820564,-2.914970896820563,50.48502910317945
1977.0,9.0,61.3,-159.5,58.95932432208757,2.3406756779124294,55.74067567791244
1977.0,10.0,59.6,-158.5,60.69498209518065,-1.0949820951806473,52.305017904819366
1977.0,11.0,62.0,-157.5,55.541509433491136,6.458490566508864,59.85849056650888
1977.0,12.0,61.2,-156.5,62.60108025006249,-1.4010802500624848,51.99891974993753
1978.0,1.0,48.0,-155.5,48.862824979677306,-0.8628249796773062,52.53717502032271
1978.0,2.0,48.3,-154.5,48.01587405711822,0.2841259428817793,53.68412594288179
1978.0,3.0,55.3,-153.5,53.14718400412435,2.152815995875649,55.55281599587566
1978.0,4.0,59.0,-152.5,53.226320038087,5.773679961912997,59.17367996191301
1978.0,5.0,64.4,-151.5,55.811977811180085,8.58802218881992,61.98802218881993
1978.0,6.0,64.0,-150.5,59.83893993209926,4.161060067900742,57.561060067900755
1978.0,7.0,65.4,-149.5,57.3485107486706,8.051489251329407,61.45148925132942
1978.0,8.0,70.4,-148.5,61.29069026089412,9.109309739105889,62.5093097391059
1978.0,9.0,74.5,-147.5,58.73504368616113,15.764956313838873,69.16495631383889
1978.0,10.0,75.0,-146.5,60.4707014592542,14.529298540745799,67.9292985407458
1978.0,11.0,61.5,-145.5,55.31722879756469,6.182771202435312,59.582771202435325
1978.0,12.0,66.3,-144.5,62.37679961413604,3.9232003858639573,57.32320038586397
1979.0,1.0,55.5,-143.5,48.63854434375086,6.8614556562491416,60.261455656249154
1979.0,2.0,55.2,-142.5,47.79159342119177,7.408406578808233,60.808406578808246
1979.0,3.0,62.6,-141.5,52.9229033681979,9.677096631802101,63.077096631802114
1979.0,4.0,61.3,-140.5,53.002039402160555,8.297960597839442,61.697960597839455
1979.0,5.0,61.7,-139.5,55.58769717525364,6.112302824746365,59.51230282474638
1979.0,6.0,64.9,-138.5,59.61465929617281,5.285340703827195,58.68534070382721
1979.0,7.0,62.0,-137.5,57.12423011274416,4.875769887255842,58.275769887255855
1979.0,8.0,67.5,-136.5,61.06640962496767,6.433590375032331,59.833590375032344
1979.0,9.0,70.1,-135.5,58.51076305023468,11.589236949765315,64.98923694976533
1979.0,10.0,68.7,-134.5,60.24642082332776,8.453579176672243,61.853579176672255
1979.0,11.0,61.9,-133.5,55.09294816163824,6.807051838361758,60.20705183836177
1979.0,12.0,70.4,-132.5,62.15251897820959,8.247481021790414,61.647481021790426
1980.0,1.0,54.7,-131.5,48.41426370782441,6.285736292175592,59.685736292175605
1980.0,2.0,61.1,-130.5,47.56731278526534,13.532687214734665,66.93268721473467
1980.0,3.0,59.8,-129.5,52.69862273227145,7.1013772677285445,60.50137726772856
1980.0,4.0,61.6,-128.5,52.77775876623411,8.822241233765894,62.22224123376591
1980.0,5.0,56.7,-127.5,55.3634165393272,1.3365834606728058,54.73658346067282
1980.0,6.0,61.5,-126.5,59.39037866024636,2.1096213397536374,55.50962133975365
1980.0,7.0,58.5,-125.5,56.89994947681771,1.60005052318229,55.0000505231823
1980.0,8.0,57.5,-124.5,60.84212898904123,-3.3421289890412282,50.057871010958785
1980.0,9.0,53.2,-123.5,58.28648241430823,-5.086482414308229,48.313517585691784
1980.0,10.0,53.2,-122.5,60.02214018740131,-6.82214018740131,46.5778598125987
1980.0,11.0,53.1,-121.5,54.8686675257118,-1.7686675257117983,51.631332474288214
1980.0,12.0,65.1,-120.5,61.928238342283144,3.17176165771685,56.57176165771686
1981.0,1.0,44.2,-119.5,48.18998307189796,-3.98998307189796,49.41001692810205
1981.0,2.0,45.2,-118.5,47.34303214933889,-2.143032149338886,51.25696785066113
1981.0,3.0,51.7,-117.5,52.474342096345005,-0.7743420963450021,52.62565790365501
1981.0,4.0,52.1,-116.5,52.55347813030766,-0.4534781303076585,52.946521869692354
1981.0,5.0,48.9,-115.5,55.13913590340075,-6.239135903400751,47.16086409659926
1981.0,6.0,56.1,-114.5,59.16609802431992,-3.0660980243199205,50.33390197568009
1981.0,7.0,56.0,-113.5,56.67566884089126,-0.6756688408912623,52.72433115910875
1981.0,8.0,51.4,-112.5,60.61784835311478,-9.217848353114782,44.18215164688523
1981.0,9.0,56.9,-111.5,58.06220177838179,-1.1622017783817924,52.23779822161822
1981.0,10.0,59.0,-110.5,59.797859551474865,-0.7978595514748648,52.60214044852515
1981.0,11.0,50.2,-109.5,54.64438688978535,-4.444386889785349,48.955613110214664
1981.0,12.0,54.6,-108.5,61.703957706356704,-7.103957706356702,46.29604229364331
1982.0,1.0,38.1,-107.5,47.965702435971515,-9.865702435971514,43.5342975640285
1982.0,2.0,33.4,-106.5,47.11875151341244,-13.718751513412442,39.68124848658757
1982.0,3.0,41.2,-105.5,52.25006146041857,-11.050061460418569,42.349938539581444
1982.0,4.0,40.9,-104.5,52.329197494381226,-11.429197494381228,41.970802505618785
1982.0,5.0,48.2,-103.5,54.9148552674743,-6.714855267474299,46.685144732525714
1982.0,6.0,45.8,-102.5,58.941817388393474,-13.141817388393477,40.258182611606536
1982.0,7.0,42.5,-101.5,56.45138820496482,-13.951388204964822,39.44861179503519
1982.0,8.0,50.0,-100.5,60.39356771718833,-10.393567717188333,43.00643228281168
1982.0,9.0,44.6,-99.5,57.83792114245534,-13.237921142455342,40.16207885754467
1982.0,10.0,50.0,-98.5,59.573578915548424,-9.573578915548424,43.82642108445159
1982.0,11.0,47.7,-97.5,54.420106253858904,-6.720106253858901,46.67989374614111
1982.0,12.0,56.3,-96.5,61.479677070430256,-5.179677070430259,48.220322929569754
1983.0,1.0,43.6,-95.5,47.74142180004508,-4.14142180004508,49.25857819995493
1983.0,2.0,41.6,-94.5,46.89447087748599,-5.294470877485992,48.10552912251402
1983.0,3.0,49.4,-93.5,52.025780824492124,-2.625780824492125,50.77421917550789
1983.0,4.0,50.9,-92.5,52.10491685845478,-1.20491685845478,52.19508314154523
1983.0,5.0,60.2,-91.5,54.69057463154786,5.509425368452142,58.909425368452155
1983.0,6.0,65.3,-90.5,58.717536752467026,6.582463247532971,59.98246324753298
1983.0,7.0,64.1,-89.5,56.227107569038374,7.87289243096162,61.27289243096163
1983.0,8.0,85.1,-88.5,60.16928708126189,24.930712918738102,78.33071291873812
1983.0,9.0,68.9,-87.5,57.613640506528895,11.28635949347111,64.68635949347112
1983.0,10.0,81.8,-86.5,59.349298279621976,22.45070172037802,75.85070172037803
1983.0,11.0,63.5,-85.5,54.195825617932464,9.304174382067536,62.70417438206755
1983.0,12.0,71.5,-84.5,61.25539643450381,10.244603565496192,63.644603565496205
1984.0,1.0,60.4,-83.5,47.517141164118634,12.882858835881365,66.28285883588137
1984.0,2.0,59.1,-82.5,46.670190241559546,12.429809758440456,65.82980975844046
1984.0,3.0,67.8,-81.5,51.801500188565676,15.998499811434321,69.39849981143433
1984.0,4.0,68.0,-80.5,51.88063622252833,16.11936377747167,69.51936377747168
1984.0,5.0,75.5,-79.5,54.46629399562141,21.033706004378587,74.43370600437859
1984.0,6.0,84.8,-78.5,58.493256116540586,26.30674388345941,79.70674388345942
1984.0,7.0,77.2,-77.5,56.002826933111926,21.197173066888077,74.59717306688809
1984.0,8.0,75.2,-76.5,59.945006445335444,15.254993554664559,68.65499355466457
1984.0,9.0,75.8,-75.5,57.389359870602455,18.410640129397542,71.81064012939756
1984.0,10.0,81.3,-74.5,59.12501764369553,22.17498235630447,75.57498235630447
1984.0,11.0,66.0,-73.5,53.971544982006016,12.028455017993984,65.428455017994
1984.0,12.0,75.5,-72.5,61.03111579857737,14.468884201422632,67.86888420142265
1985.0,1.0,59.3,-71.5,47.292860528192186,12.007139471807811,65.40713947180782
1985.0,2.0,63.9,-70.5,46.4459096056331,17.4540903943669,70.85409039436692
1985.0,3.0,60.8,-69.5,51.57721955263923,9.222780447360769,62.62278044736078
1985.0,4.0,61.0,-68.5,51.65635558660188,9.343644413398117,62.74364441339813
1985.0,5.0,64.1,-67.5,54.242013359694965,9.857986640305029,63.25798664030504
1985.0,6.0,82.9,-66.5,58.26897548061414,24.631024519385868,78.03102451938588
1985.0,7.0,70.3,-65.5,55.778546297185486,14.521453702814512,67.92145370281452
1985.0,8.0,74.7,-64.5,59.720725809409,14.979274190591006,68.37927419059102
1985.0,9.0,73.5,-63.5,57.16507923467601,16.334920765323993,69.734920765324
1985.0,10.0,61.4,-62.5,58.90073700776909,2.4992629922309106,55.89926299223092
1985.0,11.0,64.6,-61.5,53.74726434607957,10.852735653920426,64.25273565392044
1985.0,12.0,75.9,-60.5,60.80683516265092,15.093164837349086,68.4931648373491
1986.0,1.0,56.3,-59.5,47.06857989226574,9.231420107734259,62.63142010773427
1986.0,2.0,50.9,-58.5,46.22162896970665,4.6783710302933486,58.07837103029336
1986.0,3.0,60.2,-57.5,51.35293891671278,8.847061083287223,62.247061083287235
1986.0,4.0,62.3,-56.5,51.432074950675435,10.867925049324562,64.26792504932457
1986.0,5.0,74.3,-55.5,54.017732723768525,20.282267276231472,73.68226727623149
1986.0,6.0,66.3,-54.5,58.04469484468769,8.255305155312307,61.65530515531232
1986.0,7.0,66.0,-53.5,55.55426566125904,10.445734338740962,63.845734338740975
1986.0,8.0,66.0,-52.5,59.496445173482556,6.503554826517444,59.90355482651746
1986.0,9.0,64.1,-51.5,56.94079859874956,7.159201401250435,60.55920140125045
1986.0,10.0,67.9,-50.5,58.67645637184264,9.223543628157366,62.62354362815738
1986.0,11.0,57.9,-49.5,53.52298371015313,4.377016289846871,57.777016289846884
1986.0,12.0,71.6,-48.5,60.58255452672447,11.017445473275522,64.41744547327554
1987.0,1.0,56.1,-47.5,46.84429925633929,9.25570074366071,62.655700743660724
1987.0,2.0,47.4,-46.5,45.99734833378022,1.402651666219782,54.802651666219795
1987.0,3.0,48.9,-45.5,51.12865828078633,-2.228658280786334,51.17134171921368
1987.0,4.0,53.8,-44.5,51.20779431474899,2.5922056852510096,55.99220568525102
1987.0,5.0,55.6,-43.5,53.79345208784208,1.8065479121579244,55.20654791215794
1987.0,6.0,59.8,-42.5,57.82041420876125,1.9795857912387476,55.37958579123876
1987.0,7.0,59.6,-41.5,55.32998502533259,4.270014974667411,57.670014974667424
1987.0,8.0,58.2,-40.5,59.27216453755611,-1.0721645375561053,52.32783546244391
1987.0,9.0,58.2,-39.5,56.71651796282312,1.4834820371768842,54.8834820371769
1987.0,10.0,55.6,-38.5,58.45217573591619,-2.852175735916191,50.54782426408382
1987.0,11.0,49.3,-37.5,53.29870307422668,-3.9987030742266825,49.40129692577333
1987.0,12.0,57.9,-36.5,60.35827389079803,-2.458273890798033,50.94172610920198
1988.0,1.0,44.2,-35.5,46.62001862041284,-2.42001862041284,50.97998137958717
1988.0,2.0,44.6,-34.5,45.77306769785377,-1.1730676978537673,52.226932302146245
1988.0,3.0,50.8,-33.5,50.9043776448599,-0.10437764485990186,53.29562235514011
1988.0,4.0,48.3,-32.5,50.98351367882254,-2.6835136788225427,50.71648632117747
1988.0,5.0,45.0,-31.5,53.56917145191563,-8.56917145191563,44.830828548084384
1988.0,6.0,50.8,-30.5,57.5961335728348,-6.796133572834805,46.60386642716521
1988.0,7.0,54.8,-29.5,55.10570438940615,-0.3057043894061522,53.09429561059386
1988.0,8.0,53.8,-28.5,59.04788390162966,-5.247883901629663,48.15211609837035
1988.0,9.0,51.1,-27.5,56.49223732689667,-5.3922373268966695,48.00776267310334
1988.0,10.0,50.5,-26.5,58.22789509998975,-7.727895099989752,45.67210490001026
1988.0,11.0,48.0,-25.5,53.07442243830023,-5.074422438300232,48.32557756169978
1988.0,12.0,52.8,-24.5,60.133993254871584,-7.3339932548715865,46.066006745128426
1989.0,1.0,46.2,-23.5,46.39573798448641,-0.19573798448640645,53.204262015513606
1989.0,2.0,39.0,-22.5,45.54878706192732,-6.548787061927321,46.85121293807269
1989.0,3.0,43.1,-21.5,50.68009700893345,-7.58009700893345,45.81990299106656
1989.0,4.0,46.0,-20.5,50.759233042896106,-4.759233042896106,48.64076695710391
1989.0,5.0,46.6,-19.5,53.34489081598918,-6.74489081598918,46.65510918401083
1989.0,6.0,47.8,-18.5,57.371852936908354,-9.571852936908357,43.828147063091656
1989.0,7.0,45.2,-17.5,54.8814237534797,-9.681423753479699,43.718576246520314
1989.0,8.0,51.9,-16.5,58.82360326570322,-6.923603265703221,46.47639673429679
1989.0,9.0,47.4,-15.5,56.26795669097022,-8.867956690970225,44.53204330902979
1989.0,10.0,46.9,-14.5,58.003614464063304,-11.103614464063305,42.29638553593671
1989.0,11.0,45.9,-13.5,52.85014180237379,-6.950141802373793,46.44985819762622
1989.0,12.0,43.3,-12.5,59.909712618945136,-16.60971261894514,36.790287381054874
1990.0,1.0,38.2,-11.5,46.17145734855996,-7.971457348559959,45.428542651440054
1990.0,2.0,34.6,-10.5,45.32450642600087,-10.724506426000872,42.67549357399914
1990.0,3.0,47.4,-9.5,50.455816373007,-3.055816373007005,50.34418362699301
1990.0,4.0,38.6,-8.5,50.53495240696966,-11.934952406969657,41.465047593030356
1990.0,5.0,41.8,-7.5,53.12061018006274,-11.320610180062744,42.07938981993727
1990.0,6.0,45.9,-6.5,57.147572300981906,-11.247572300981908,42.152427699018105
1990.0,7.0,42.5,-5.5,54.657143117553254,-12.157143117553254,41.24285688244676
1990.0,8.0,51.1,-4.5,58.59932262977677,-7.4993226297767706,45.90067737022324
1990.0,9.0,48.5,-3.5,56.04367605504378,-7.5436760550437825,45.85632394495623
1990.0,10.0,42.6,-2.5,57.779333828136856,-15.179333828136855,38.22066617186316
1990.0,11.0,39.3,-1.5,52.62586116644734,-13.325861166447346,40.07413883355267
1990.0,12.0,40.1,-0.5,59.685431983018695,-19.585431983018694,33.81456801698132
1991.0,1.0,30.4,0.5,45.947176712633514,-15.547176712633515,37.8528232873665
1991.0,2.0,31.0,1.5,45.100225790074425,-14.100225790074425,39.29977420992559
1991.0,3.0,36.0,2.5,50.231535737080556,-14.231535737080556,39.16846426291946
1991.0,4.0,35.2,3.5,50.31067177104321,-15.110671771043208,38.289328228956805
1991.0,5.0,32.5,4.5,52.89632954413629,-20.396329544136293,33.00367045586372
1991.0,6.0,43.6,5.5,56.923291665055466,-13.323291665055464,40.07670833494455
1991.0,7.0,36.7,6.5,54.43286248162681,-17.73286248162681,35.6671375183732
1991.0,8.0,40.6,7.5,58.375041993850324,-17.775041993850323,35.62495800614969
1991.0,9.0,41.3,8.5,55.819395419117335,-14.519395419117338,38.880604580882675
1991.0,10.0,39.3,9.5,57.555053192210416,-18.25505319221042,35.144946807789594
1991.0,11.0,31.9,10.5,52.401580530520896,-20.501580530520897,32.898419469479116
1991.0,12.0,40.4,11.5,59.46115134709225,-19.06115134709225,34.338848652907764
1992.0,1.0,27.7,12.5,45.722896076707066,-18.022896076707067,35.37710392329295
1992.0,2.0,33.3,13.5,44.87594515414798,-11.57594515414798,41.82405484585203
1992.0,3.0,35.7,14.5,50.00725510115411,-14.307255101154105,39.09274489884591
1992.0,4.0,33.1,15.5,50.08639113511676,-16.98639113511676,36.41360886488325
1992.0,5.0,37.5,16.5,52.672048908209845,-15.172048908209845,38.22795109179017
1992.0,6.0,43.8,17.5,56.69901102912902,-12.89901102912902,40.50098897087099
1992.0,7.0,42.5,18.5,54.208581845700365,-11.708581845700365,41.69141815429965
1992.0,8.0,44.1,19.5,58.150761357923884,-14.050761357923882,39.34923864207613
1992.0,9.0,40.7,20.5,55.59511478319089,-14.895114783190884,38.50488521680913
1992.0,10.0,43.2,21.5,57.33077255628397,-14.130772556283965,39.26922744371605
1992.0,11.0,36.5,22.5,52.177299894594455,-15.677299894594455,37.72270010540556
1992.0,12.0,44.2,23.5,59.2368707111658,-15.036870711165797,38.363129288834216
1993.0,1.0,35.4,24.5,45.49861544078062,-10.09861544078062,43.30138455921939
1993.0,2.0,34.4,25.5,44.651664518221544,-10.251664518221546,43.14833548177847
1993.0,3.0,39.7,26.5,49.78297446522766,-10.082974465227657,43.317025534772355
1993.0,4.0,36.3,27.5,49.862110499190315,-13.562110499190318,39.837889500809695
1993.0,5.0,42.2,28.5,52.447768272283405,-10.247768272283402,43.15223172771661
1993.0,6.0,42.4,29.5,56.47473039320257,-14.074730393202572,39.32526960679744
1993.0,7.0,42.4,30.5,53.98430120977392,-11.584301209773919,41.815698790226094
1993.0,8.0,50.2,31.5,57.926480721997436,-7.726480721997433,45.67351927800258
1993.0,9.0,46.2,32.5,55.370834147264446,-9.170834147264443,44.22916585273557
1993.0,10.0,47.2,33.5,57.10649192035752,-9.906491920357517,43.493508079642496
1993.0,11.0,43.7,34.5,51.95301925866801,-8.253019258668004,45.14698074133201
1993.0,12.0,51.8,35.5,59.01259007523936,-7.212590075239362,46.18740992476065
1994.0,1.0,38.0,36.5,45.27433480485417,-7.2743348048541705,46.12566519514584
1994.0,2.0,38.1,37.5,44.427383882295096,-6.327383882295095,47.07261611770492
1994.0,3.0,42.7,38.5,49.55869382930123,-6.858693829301224,46.54130617069879
1994.0,4.0,46.5,39.5,49.63782986326387,-3.1378298632638675,50.262170136736145
1994.0,5.0,48.5,40.5,52.22348763635696,-3.723487636356957,49.676512363643056
1994.0,6.0,51.0,41.5,56.25044975727613,-5.2504497572761295,48.14955024272388
1994.0,7.0,45.0,42.5,53.76002057384747,-8.76002057384747,44.63997942615254
1994.0,8.0,51.4,43.5,57.70220008607099,-6.3022000860709895,47.09779991392902
1994.0,9.0,55.5,44.5,55.146553511338,0.35344648866200146,53.753446488662014
1994.0,10.0,56.6,45.5,56.88221128443108,-0.282211284431078,53.117788715568935
1994.0,11.0,50.6,46.5,51.72873862274156,-1.1287386227415581,52.271261377258455
1994.0,12.0,56.9,47.5,58.78830943931291,-1.8883094393129127,51.5116905606871
1995.0,1.0,45.0,48.5,45.05005416892774,-0.05005416892773695,53.349945831072276
1995.0,2.0,38.7,49.5,44.20310324636865,-5.503103246368646,47.89689675363137
1995.0,3.0,46.6,50.5,49.33441319337478,-2.7344131933747775,50.665586806625235
1995.0,4.0,44.5,51.5,49.413549227337434,-4.913549227337434,48.48645077266258
1995.0,5.0,46.9,52.5,51.99920700043051,-5.099207000430511,48.3007929995695
1995.0,6.0,48.1,53.5,56.02616912134968,-7.92616912134968,45.47383087865033
1995.0,7.0,48.9,54.5,53.53573993792103,-4.635739937921031,48.76426006207898
1995.0,8.0,53.5,55.5,57.47791945014454,-3.9779194501445403,49.42208054985547
1995.0,9.0,49.7,56.5,54.92227287541155,-5.222272875411548,48.177727124588465
1995.0,10.0,56.2,57.5,56.65793064850463,-0.45793064850462883,52.942069351495384
1995.0,11.0,51.1,58.5,51.50445798681512,-0.40445798681511747,52.995542013184895
1995.0,12.0,52.0,59.5,58.56402880338646,-6.5640288033864636,46.83597119661355
1996.0,1.0,43.9,60.5,44.82577353300129,-0.9257735330012906,52.47422646699872
1996.0,2.0,41.9,61.5,43.9788226104422,-2.0788226104422023,51.32117738955781
1996.0,3.0,49.7,62.5,49.11013255744833,0.5898674425516717,53.989867442551684
1996.0,4.0,45.9,63.5,49.189268591410986,-3.2892685914109876,50.110731408589025
1996.0,5.0,53.3,64.5,51.77492636450407,1.5250736354959287,54.92507363549594
1996.0,6.0,56.6,65.5,55.801888485423234,0.7981115145767674,54.19811151457678
1996.0,7.0,56.3,66.5,53.31145930199458,2.9885406980054157,56.38854069800543
1996.0,8.0,61.4,67.5,57.2536388142181,4.146361185781899,57.54636118578191
1996.0,9.0,51.3,68.5,54.69799223948511,-3.397992239485113,50.0020077605149
1996.0,10.0,59.7,69.5,56.433650012578184,3.266349987421819,56.66634998742183
1996.0,11.0,52.3,70.5,51.28017735088867,1.019822649111326,54.41982264911134
1996.0,12.0,64.7,71.5,58.33974816746002,6.36025183253998,59.76025183253999
1997.0,1.0,41.6,72.5,44.60149289707484,-3.00149289707484,50.39850710292517
1997.0,2.0,49.0,73.5,43.75454197451575,5.245458025484247,58.64545802548426
1997.0,3.0,51.9,74.5,48.88585192152188,3.014148078478115,56.41414807847813
1997.0,4.0,52.8,75.5,48.96498795548454,3.8350120445154587,57.23501204451547
1997.0,5.0,49.0,76.5,51.55064572857762,-2.5506457285776207,50.84935427142239
1997.0,6.0,50.4,77.5,55.57760784949679,-5.177607849496795,48.22239215050322
1997.0,7.0,49.7,78.5,53.087178666068134,-3.387178666068131,50.01282133393188
1997.0,8.0,52.6,79.5,57.02935817829165,-4.4293581782916505,48.97064182170836
1997.0,9.0,60.7,80.5,54.47371160355866,6.2262883964413405,59.62628839644135
1997.0,10.0,57.3,81.5,56.209369376651736,1.090630623348261,54.490630623348274
1997.0,11.0,55.0,82.5,51.05589671496222,3.9441032850377766,57.34410328503779
1997.0,12.0,64.0,83.5,58.115467531533575,5.884532468466425,59.28453246846644
1998.0,1.0,40.7,84.5,44.377212261148394,-3.677212261148391,49.72278773885162
1998.0,2.0,45.7,85.5,43.530261338589305,2.1697386614106975,55.56973866141071
1998.0,3.0,50.6,86.5,48.661571285595436,1.9384287144045658,55.33842871440458
1998.0,4.0,56.6,87.5,48.74070731955809,7.859292680441911,61.25929268044192
1998.0,5.0,54.5,88.5,51.32636509265117,3.173634907348827,56.57363490734884
1998.0,6.0,59.0,89.5,55.353327213570346,3.6466727864296544,57.04667278642967
1998.0,7.0,60.0,90.5,52.86289803014169,7.137101969858307,60.53710196985832
1998.0,8.0,64.5,91.5,56.805077542365204,7.694922457634796,61.09492245763481
1998.0,9.0,59.2,92.5,54.249430967632215,4.950569032367788,58.3505690323678
1998.0,10.0,58.5,93.5,55.985088740725296,2.5149112592747045,55.91491125927472
1998.0,11.0,61.7,94.5,50.83161607903578,10.86838392096422,64.26838392096423
1998.0,12.0,60.6,95.5,57.89118689560713,2.708813104392874,56.10881310439289
1999.0,1.0,57.1,96.5,44.152931625221946,12.947068374778055,66.34706837477808
1999.0,2.0,50.8,97.5,43.30598070266287,7.494019297337125,60.89401929733714
1999.0,3.0,57.4,98.5,48.43729064966899,8.96270935033101,62.36270935033102
1999.0,4.0,54.1,99.5,48.51642668363164,5.5835733163683585,58.98357331636837
1999.0,5.0,60.4,100.5,51.10208445672473,9.297915543275266,62.69791554327528
1999.0,6.0,62.3,101.5,55.1290465776439,7.170953422356099,60.57095342235611
1999.0,7.0,62.3,102.5,52.638617394215245,9.661382605784752,63.061382605784765
1999.0,8.0,67.7,103.5,56.58079690643876,11.11920309356124,64.51920309356126
1999.0,9.0,63.3,104.5,54.02515033170577,9.27484966829423,62.67484966829424
1999.0,10.0,65.9,105.5,55.76080810479885,10.139191895201158,63.53919189520117
1999.0,11.0,62.5,106.5,50.607335443109335,11.892664556890665,65.29266455689068
1999.0,12.0,69.0,107.5,57.66690625968069,11.333093740319313,64.73309374031933
2000.0,1.0,52.2,108.5,43.9286509892955,8.271349010704505,61.67134901070452
2000.0,2.0,56.0,109.5,43.081700066736424,12.918299933263576,66.31829993326359
2000.0,3.0,57.8,110.5,48.213010013742554,9.586989986257443,62.986989986257456
2000.0,4.0,56.9,111.5,48.292146047705195,8.607853952294803,62.007853952294816
2000.0,5.0,64.0,112.5,50.877803820798285,13.122196179201715,66.52219617920173
2000.0,6.0,63.1,113.5,54.90476594171746,8.195234058282544,61.59523405828256
2000.0,7.0,61.2,114.5,52.4143367582888,8.785663241711205,62.18566324171122
2000.0,8.0,65.0,115.5,56.356516270512316,8.643483729487684,62.0434837294877
2000.0,9.0,58.6,116.5,53.800869695779326,4.799130304220675,58.19913030422069
2000.0,10.0,64.8,117.5,55.53652746887241,9.26347253112759,62.6634725311276
2000.0,11.0,63.2,118.5,50.38305480718289,12.816945192817116,66.21694519281712
2000.0,12.0,66.6,119.5,57.44262562375424,9.157374376245755,62.55737437624577
2001.0,1.0,44.1,120.5,43.704370353369065,0.3956296466309368,53.79562964663095
2001.0,2.0,52.5,121.5,42.857419430809976,9.642580569190024,63.04258056919004
2001.0,3.0,55.8,122.5,47.98872937781611,7.811270622183891,61.2112706221839
2001.0,4.0,54.9,123.5,48.06786541177876,6.832134588221237,60.23213458822125
2001.0,5.0,56.8,124.5,50.65352318487184,6.14647681512816,59.54647681512817
2001.0,6.0,68.2,125.5,54.68048530579101,13.519514694208993,66.919514694209
2001.0,7.0,62.6,126.5,52.19005612236236,10.409943877637645,63.80994387763766
2001.0,8.0,69.5,127.5,56.13223563458587,13.367764365414132,66.76776436541414
2001.0,9.0,64.8,128.5,53.57658905985288,11.223410940147119,64.62341094014712
2001.0,10.0,64.5,129.5,55.31224683294596,9.18775316705404,62.58775316705405
2001.0,11.0,56.0,130.5,50.15877417125644,5.8412258287435606,59.24122582874357
2001.0,12.0,76.7,131.5,57.21834498782779,19.48165501217221,72.88165501217222
2002.0,1.0,53.2,132.5,43.48008971744262,9.719910282557386,63.1199102825574
2002.0,2.0,53.7,133.5,42.63313879488353,11.066861205116474,64.46686120511649
2002.0,3.0,54.0,134.5,47.76444874188966,6.235551258110341,59.635551258110354
2002.0,4.0,62.3,135.5,47.843584775852314,14.456415224147683,67.8564152241477
2002.0,5.0,67.7,136.5,50.429242548945396,17.270757451054607,70.67075745105461
2002.0,6.0,64.8,137.5,54.45620466986456,10.343795330135436,63.74379533013545
2002.0,7.0,65.2,138.5,51.96577548643591,13.234224513564094,66.6342245135641
2002.0,8.0,69.0,139.5,55.90795499865943,13.092045001340573,66.49204500134059
2002.0,9.0,66.2,140.5,53.35230842392643,12.847691576073572,66.24769157607358
2002.0,10.0,67.4,141.5,55.08796619701951,12.312033802980494,65.7120338029805
2002.0,11.0,61.3,142.5,49.93449353533,11.365506464669998,64.76550646467001
2002.0,12.0,73.0,143.5,56.99406435190135,16.00593564809865,69.40593564809866
2003.0,1.0,56.3,144.5,43.25580908151617,13.044190918483828,66.44419091848384
2003.0,2.0,52.2,145.5,42.40885815895708,9.791141841042922,63.191141841042935
2003.0,3.0,57.7,146.5,47.54016810596321,10.159831894036792,63.559831894036805
2003.0,4.0,59.7,147.5,47.619304139925866,12.080695860074137,65.48069586007415
2003.0,5.0,61.1,148.5,50.20496191301895,10.895038086981053,64.29503808698107
2003.0,6.0,64.8,149.5,54.23192403393812,10.568075966061876,63.96807596606189
2003.0,7.0,60.8,150.5,51.74149485050946,9.058505149490536,62.45850514949055
2003.0,8.0,62.4,151.5,55.68367436273298,6.716325637267019,60.11632563726703
2003.0,9.0,63.2,152.5,53.12802778799999,10.071972212000013,63.471972212000026
2003.0,10.0,69.0,153.5,54.863685561093064,14.136314438906936,67.53631443890694
2003.0,11.0,67.7,154.5,49.71021289940355,17.989787100596452,71.38978710059646
2003.0,12.0,80.8,155.5,56.7697837159749,24.030216284025094,77.43021628402511
2004.0,1.0,51.0,156.5,43.03152844558972,7.968471554410279,61.36847155441029
2004.0,2.0,54.1,157.5,42.18457752303063,11.915422476969368,65.31542247696939
2004.0,3.0,66.1,158.5,47.31588747003676,18.78411252996323,72.18411252996324
2004.0,4.0,70.0,159.5,47.39502350399942,22.60497649600058,76.0049764960006
2004.0,5.0,76.4,160.5,49.9806812770925,26.419318722907505,79.81931872290752
2004.0,6.0,73.2,161.5,54.00764339801167,19.19235660198833,72.59235660198834
2004.0,7.0,73.5,162.5,51.51721421458302,21.98278578541698,75.38278578541698
2004.0,8.0,79.2,163.5,55.45939372680653,23.74060627319347,77.14060627319348
2004.0,9.0,72.5,164.5,52.90374715207354,19.596252847926458,72.99625284792647
2004.0,10.0,71.2,165.5,54.63940492516662,16.56059507483338,69.96059507483339
2004.0,11.0,70.6,166.5,49.4859322634771,21.11406773652289,74.5140677365229
2004.0,12.0,82.5,167.5,56.545503080048455,25.954496919951545,79.35449691995156
2005.0,1.0,60.5,168.5,42.807247809663274,17.692752190336726,71.09275219033674
2005.0,2.0,61.9,169.5,41.9602968871042,19.9397031128958,73.33970311289582
2005.0,3.0,62.5,170.5,47.091606834110316,15.408393165889684,68.8083931658897
2005.0,4.0,71.0,171.5,47.17074286807297,23.82925713192703,77.22925713192704
2005.0,5.0,81.7,172.5,49.75640064116606,31.943599358833943,85.34359935883396
2005.0,6.0,81.9,173.5,53.783362762085225,28.11663723791478,81.5166372379148
2005.0,7.0,74.1,174.5,51.29293357865657,22.80706642134342,76.20706642134343
2005.0,8.0,78.7,175.5,55.23511309088009,23.46488690911991,76.86488690911992
2005.0,9.0,80.7,176.5,52.679466516147095,28.02053348385291,81.42053348385292
2005.0,10.0,84.5,177.5,54.415124289240175,30.084875710759825,83.48487571075984
2005.0,11.0,76.0,178.5,49.26165162755066,26.738348372449337,80.13834837244934
2005.0,12.0,90.2,179.5,56.32122244412201,33.878777555877996,87.27877755587801
2006.0,1.0,69.8,180.5,42.582967173736826,27.21703282626317,80.61703282626318
2006.0,2.0,68.5,181.5,41.73601625117775,26.76398374882225,80.16398374882226
2006.0,3.0,87.6,182.5,46.86732619818388,40.73267380181611,94.13267380181613
2006.0,4.0,77.9,183.5,46.94646223214652,30.953537767853483,84.3535377678535
2006.0,5.0,78.0,184.5,49.53212000523961,28.467879994760388,81.8678799947604
2006.0,6.0,86.5,185.5,53.559082126158785,32.940917873841215,86.34091787384122
2006.0,7.0,85.1,186.5,51.068652942730125,34.03134705726987,87.43134705726987
2006.0,8.0,82.1,187.5,55.01083245495364,27.08916754504635,80.48916754504637
2006.0,9.0,86.2,188.5,52.455185880220654,33.74481411977935,87.14481411977937
2006.0,10.0,87.9,189.5,54.19084365331373,33.70915634668628,87.10915634668629
2006.0,11.0,82.6,190.5,49.037370991624215,33.56262900837578,86.96262900837579
2006.0,12.0,94.5,191.5,56.09694180819557,38.40305819180443,91.80305819180444
2007.0,1.0,67.7,192.5,42.35868653781039,25.34131346218961,78.74131346218962
2007.0,2.0,62.3,193.5,41.511735615251304,20.788264384748693,74.1882643847487
2007.0,3.0,64.3,194.5,46.643045562257434,17.656954437742563,71.05695443774258
2007.0,4.0,63.7,195.5,46.72218159622009,16.977818403779914,70.37781840377993
2007.0,5.0,66.1,196.5,49.307839369313164,16.79216063068683,70.19216063068684
2007.0,6.0,67.1,197.5,53.33480149023234,13.765198509767657,67.16519850976766
2007.0,7.0,67.3,198.5,50.844372306803685,16.455627693196313,69.85562769319633
2007.0,8.0,70.0,199.5,54.786551819027196,15.213448180972804,68.61344818097282
2007.0,9.0,57.2,200.5,52.230905244294206,4.969094755705797,58.36909475570581
2007.0,10.0,62.1,201.5,53.96656301738729,8.133436982612714,61.53343698261273
2007.0,11.0,56.6,202.5,48.81309035569777,7.786909644302234,61.18690964430225
2007.0,12.0,61.8,203.5,55.87266117226912,5.927338827730878,59.32733882773089
2008.0,1.0,48.4,204.5,42.134405901883945,6.265594098116054,59.66559409811607
2008.0,2.0,48.1,205.5,41.287454979324856,6.812545020675145,60.21254502067516
2008.0,3.0,47.1,206.5,46.41876492633099,0.6812350736690149,54.08123507366903
2008.0,4.0,40.6,207.5,46.49790096029364,-5.89790096029364,47.50209903970637
2008.0,5.0,48.5,208.5,49.083558733386724,-0.5835587333867238,52.81644126661329
2008.0,6.0,51.4,209.5,53.11052085430589,-1.7105208543058907,51.68947914569412
2008.0,7.0,45.7,210.5,50.62009167087724,-4.920091670877234,48.47990832912278
2008.0,8.0,50.0,211.5,54.562271183100755,-4.562271183100755,48.83772881689926
2008.0,9.0,47.2,212.5,52.00662460836776,-4.8066246083677555,48.59337539163226
2008.0,10.0,48.0,213.5,53.74228238146084,-5.742282381460839,47.65771761853917
2008.0,11.0,43.3,214.5,48.58880971977133,-5.288809719771329,48.11119028022868
2008.0,12.0,49.0,215.5,55.64838053634267,-6.648380536342671,46.75161946365734
2009.0,1.0,27.8,216.5,41.9101252659575,-14.110125265957496,39.28987473404251
2009.0,2.0,26.9,217.5,41.06317434339841,-14.16317434339841,39.2368256566016
2009.0,3.0,32.2,218.5,46.19448429040454,-13.994484290404536,39.40551570959548
2009.0,4.0,31.7,219.5,46.273620324367194,-14.573620324367194,38.82637967563282
2009.0,5.0,35.0,220.5,48.859278097460276,-13.859278097460276,39.54072190253974
2009.0,6.0,34.3,221.5,52.88624021837945,-18.58624021837945,34.81375978162056
2009.0,7.0,31.4,222.5,50.39581103495079,-18.99581103495079,34.40418896504922
2009.0,8.0,41.3,223.5,54.33799054717431,-13.03799054717431,40.3620094528257
2009.0,9.0,29.8,224.5,51.78234397244132,-21.982343972441317,31.417656027558696
2009.0,10.0,32.3,225.5,53.51800174553439,-21.218001745534394,32.18199825446562
2009.0,11.0,33.7,226.5,48.36452908384488,-14.664529083844876,38.73547091615514
2009.0,12.0,37.2,227.5,55.42409990041623,-18.224099900416228,35.175900099583785
2010.0,1.0,21.2,228.5,41.68584463003105,-20.48584463003105,32.91415536996897
2010.0,2.0,23.0,229.5,40.83889370747196,-17.83889370747196,35.56110629252805
2010.0,3.0,26.0,230.5,45.97020365447809,-19.97020365447809,33.42979634552192
2010.0,4.0,32.1,231.5,46.049339688440746,-13.949339688440745,39.45066031155927
2010.0,5.0,26.2,232.5,48.63499746153383,-22.43499746153383,30.965002538466184
2010.0,6.0,33.9,233.5,52.661959582453,-18.761959582453002,34.63804041754701
2010.0,7.0,23.8,234.5,50.17153039902435,-26.371530399024348,27.028469600975665
2010.0,8.0,26.6,235.5,54.11370991124786,-27.513709911247858,25.886290088752155
2010.0,9.0,26.7,236.5,51.55806333651487,-24.85806333651487,28.541936663485142
2010.0,10.0,25.9,237.5,53.29372110960795,-27.393721109607952,26.00627889039206
2010.0,11.0,22.4,238.5,48.14024844791843,-25.740248447918432,27.65975155208158
2010.0,12.0,28.9,239.5,55.19981926448978,-26.299819264489784,27.10018073551023
2011.0,1.0,17.3,240.5,41.4615639941046,-24.1615639941046,29.238436005895412
2011.0,2.0,23.1,241.5,40.61461307154553,-17.514613071545526,35.88538692845449
2011.0,3.0,25.4,242.5,45.74592301855164,-20.345923018551645,33.05407698144837
2011.0,4.0,21.9,243.5,45.8250590525143,-23.9250590525143,29.474940947485713
2011.0,5.0,20.0,244.5,48.41071682560739,-28.410716825607388,24.989283174392625
2011.0,6.0,24.6,245.5,52.43767894652655,-27.83767894652655,25.56232105347346
2011.0,7.0,29.6,246.5,49.9472497630979,-20.3472497630979,33.052750236902114
2011.0,8.0,26.9,247.5,53.88942927532142,-26.98942927532142,26.410570724678593
2011.0,9.0,26.5,248.5,51.33378270058842,-24.833782700588422,28.56621729941159
2011.0,10.0,25.6,249.5,53.0694404736815,-27.4694404736815,25.93055952631851
2011.0,11.0,26.0,250.5,47.91596781199199,-21.91596781199199,31.484032188008023
2011.0,12.0,28.6,251.5,54.975538628563335,-26.375538628563334,27.02446137143668
2012.0,1.0,18.8,252.5,41.23728335817815,-22.437283358178153,30.96271664182186
2012.0,2.0,19.9,253.5,40.39033243561908,-20.49033243561908,32.90966756438093
2012.0,3.0,22.1,254.5,45.521642382625195,-23.421642382625194,29.97835761737482
2012.0,4.0,26.1,255.5,45.60077841658785,-19.50077841658785,33.899221583412164
2012.0,5.0,24.5,256.5,48.18643618968094,-23.68643618968094,29.713563810319073
2012.0,6.0,27.9,257.5,52.213398310600105,-24.313398310600107,29.086601689399906
2012.0,7.0,26.7,258.5,49.72296912717145,-23.022969127171454,30.37703087282856
2012.0,8.0,30.9,259.5,53.66514863939497,-22.765148639394972,30.63485136060504
2012.0,9.0,28.7,260.5,51.10950206466198,-22.409502064661982,30.99049793533803
2012.0,10.0,36.6,261.5,52.845159837755055,-16.245159837755054,37.15484016224496
2012.0,11.0,28.7,262.5,47.69168717606554,-18.991687176065543,34.408312823934466
2012.0,12.0,33.7,263.5,54.751257992636894,-21.05125799263689,32.34874200736312
2013.0,1.0,24.8,264.5,41.013002722251706,-16.213002722251705,37.186997277748304
2013.0,2.0,26.4,265.5,40.16605179969263,-13.766051799692633,39.63394820030738
2013.0,3.0,29.2,266.5,45.29736174669876,-16.097361746698763,37.302638253301254
2013.0,4.0,27.9,267.5,45.37649778066142,-17.47649778066142,35.923502219338594
2013.0,5.0,31.3,268.5,47.96215555375449,-16.66215555375449,36.73784444624552
2013.0,6.0,34.1,269.5,51.989117674673665,-17.889117674673663,35.51088232532635
2013.0,7.0,32.3,270.5,49.49868849124501,-17.198688491245015,36.201311508755
2013.0,8.0,38.2,271.5,53.44086800346852,-15.24086800346852,38.15913199653149
2013.0,9.0,35.8,272.5,50.885221428735534,-15.085221428735537,38.314778571264476
2013.0,10.0,38.9,273.5,52.620879201828615,-13.720879201828616,39.6791207981714
2013.0,11.0,33.5,274.5,47.467406540139095,-13.967406540139095,39.43259345986092
2013.0,12.0,37.0,275.5,54.52697735671045,-17.526977356710447,35.873022643289566
